task_id,vehicle_id,task_size_mb,task_cpu_gcycles,deadline_s,primary_rsu,local_action,collab_action,local_case,collab_case,local_secondary_rsu,collab_secondary_rsu,local_delay_s,collab_delay_s,delay_diff_s,local_energy_j,collab_energy_j,energy_diff_j,local_completed,collab_completed,local_fail_reason,collab_fail_reason
3,veh_0,4676538.703114536,4797296.3771674335,20.86938832629416,0,0,2,1,2,NONE,1,5.815793023395388,5.85366588621377,0.0378728628183822,0.2979747761285539,4.325125876825093,4.027151100696539,True,True,NONE,NONE
7,veh_0,4428291.37003348,8252373.266495271,20.06498759678061,0,0,2,1,2,NONE,1,5.515577043600474,5.547185964526582,0.03160892092610812,0.46764393706433166,4.281019511858232,3.8133755747939,True,True,NONE,NONE
9,veh_0,4871639.216620344,1834712.590421331,23.36594545112627,0,0,2,1,2,NONE,1,6.068309034210471,6.102818441228056,0.03450940701758487,0.15226987604083042,4.347429689503524,4.195159813462693,True,True,NONE,NONE
12,veh_0,4919347.291938111,5968365.681459043,23.785343772083536,0,0,2,1,2,NONE,1,6.133558727261502,6.165494784407409,0.03193605714590664,0.3595453438664118,4.595788454234166,4.236243110367754,True,True,NONE,NONE
20,veh_0,4187380.3938510474,4415098.97581883,21.634024937619284,0,0,2,1,2,NONE,1,5.2284429130707215,5.251868166363814,0.02342525329309275,0.2727866994527351,3.878704373330124,3.605917673877389,True,True,NONE,NONE
1,veh_0,3918280.3953736513,3475263.8653220735,20.25010755222667,0,0,2,1,2,NONE,1,4.897538619625566,4.916908915237482,0.019370295611915722,0.22245114835479246,3.5966362473806277,3.3741850990258353,True,True,NONE,NONE
8,veh_0,4094418.1849646806,2399315.498306034,23.402505165179917,0,0,2,1,2,NONE,1,5.118804068317261,5.138491497846377,0.01968742952911562,0.1708423913359244,3.6967066569969798,3.5258642656610553,True,True,NONE,NONE
13,veh_0,4488213.992758985,8755362.102796994,26.18519752364246,0,0,2,1,2,NONE,1,5.616884100156326,5.6355849789581685,0.01870087880184279,0.4935379682578351,4.3585152663315885,3.8649772980737533,True,True,NONE,NONE
17,veh_0,3907053.3327932004,4331628.7040519435,23.648321789700844,0,0,2,1,2,NONE,1,4.899074349056735,4.9106048108719085,0.011530461815173254,0.2651298845225461,3.629646919131777,3.364517034609231,True,True,NONE,NONE
6,veh_0,3634824.44180965,6303391.154883179,22.204406220406966,0,0,2,1,2,NONE,1,4.567110268753984,4.573144765121275,0.00603449636729092,0.3603353323495316,3.490425379914761,3.1300900475652296,True,True,NONE,NONE
11,veh_0,4421384.81982314,5826052.823092307,27.29731786693818,0,0,2,1,2,NONE,1,5.550304260953731,5.560199111166057,0.009894850212325501,0.34624209515375454,4.153670168377089,3.8074280732233348,True,True,NONE,NONE
19,veh_0,3944106.1557397805,2540247.833782873,26.091310056669883,0,0,2,1,2,NONE,1,4.959785314016332,4.964300006332744,0.0045146923164116615,0.176021253740571,3.5724459290614803,3.396424675320909,True,True,NONE,NONE
14,veh_0,3732056.4357702862,1412419.4529009599,27.045718362149234,0,0,2,1,2,NONE,1,4.697707982847157,4.699690422037521,0.001982439190364005,0.11699493719025458,3.3308152725516087,3.213820335361354,True,True,NONE,NONE
16,veh_0,2698372.6590830907,3501762.427990829,21.010014294097292,0,0,2,1,2,NONE,1,3.416770036604092,3.408100137705346,-0.00866989889874592,0.2086176888580375,2.532292336707899,2.3236746478498613,True,True,NONE,NONE
15,veh_0,2683694.8269546404,1718127.7923126474,22.893879636021072,0,0,2,1,2,NONE,1,3.40024971386813,3.3905943544975456,-0.009655359370584371,0.11925357256884564,2.43028856285048,2.3110349902816343,True,True,NONE,NONE
18,veh_0,2628521.092314463,9429891.289412446,22.669778220491132,0,0,2,1,2,NONE,1,3.3411215632826443,3.3262761355745,-0.014845427708144232,0.5041561670050866,2.767678888001373,2.2635227209962863,True,True,NONE,NONE
2,veh_0,2669632.2144464683,7090295.386806202,27.364712141640126,0,0,2,1,2,NONE,1,3.3992959125409397,3.3812593611542785,-0.01803655138666116,0.3876872124134893,2.6866123348984052,2.298925122484916,True,True,NONE,NONE
5,veh_0,2079607.9090515908,6848959.940015709,21.988376506866484,0,0,2,1,2,NONE,1,2.6729896619396447,2.646447699617246,-0.026541962322398582,0.3682888879685516,2.159120913880522,1.7908320259119705,True,True,NONE,NONE
4,veh_0,2089391.658314211,5548197.592930261,22.186379748036032,0,0,2,1,2,NONE,1,2.690694997272382,2.6614631878599906,-0.029231809412391563,0.3033723419916772,2.1026295385508313,1.7992571965591542,True,True,NONE,NONE
10,veh_0,2290149.130500392,6433534.282302019,28.474943663474598,0,0,2,1,2,NONE,1,2.9465867071630525,2.915866932029563,-0.030719775133489335,0.3501337582163488,2.322271096780784,1.9721373385644352,True,True,NONE,NONE
34,veh_1,4582339.106703494,7486496.374241752,20.114810219428197,0,0,2,1,2,NONE,1,3.4628291777170115,3.4985462508248597,0.03571707310784822,0.4088782455255153,4.354910375022425,3.94603212949691,True,True,NONE,NONE
25,veh_1,4629102.879418006,6898947.98765392,23.14677880798478,0,0,2,1,2,NONE,1,3.504990653430884,3.5376609537534605,0.03267030032257656,0.3798534514733859,4.366155701825822,3.9863022503524363,True,True,NONE,NONE
33,veh_1,4988364.14072029,9739705.398522563,25.29114345099137,0,0,2,1,2,NONE,1,3.7856336553826493,3.8165278427903218,0.03089418740767247,0.5246003549823505,4.8202765837704975,4.295676228788147,True,True,NONE,NONE
21,veh_1,4968570.051909786,6012547.693971816,26.399997598540928,0,0,2,1,2,NONE,1,3.7767203413469272,3.804437800236754,0.027717458889826574,0.3380932111375162,4.616723972839629,4.278630761702113,True,True,NONE,NONE
36,veh_1,3922885.395739424,4912887.256021945,21.115521735958765,0,0,2,1,2,NONE,1,2.9931278955068135,3.0093841096081606,0.016256214101347144,0.2752251359090612,3.653375781564368,3.3781506456553068,True,True,NONE,NONE
30,veh_1,3528578.8810293935,1424047.3788226112,20.90909412173794,0,0,2,1,2,NONE,1,2.697222544496954,2.709371206686983,0.012148662190028858,0.09780984806520776,3.13640767152987,3.0385978234646625,True,True,NONE,NONE
39,veh_1,4737883.518034462,3686003.123037696,28.70518569836767,0,0,2,1,2,NONE,1,3.612792594105449,3.633512051794484,0.020719457689034826,0.22002647574081655,4.300004005257944,4.079977529517127,True,True,NONE,NONE
35,veh_1,4045131.1070797243,3401426.709572885,25.369703304087952,0,0,2,1,2,NONE,1,3.0938195484253033,3.106872729740842,0.013053181315538787,0.20057391034367883,3.6839951379898177,3.4834212276461387,True,True,NONE,NONE
32,veh_1,3266479.900399052,4434573.578558831,20.63527706151957,0,0,2,1,2,NONE,1,2.511107102616571,2.5152377258661183,0.00413062324954705,0.2463597835991032,3.059253883574006,2.8128940999749026,True,True,NONE,NONE
40,veh_1,3916848.4845980154,2375553.4169467133,26.089702114381723,0,0,2,1,2,NONE,1,3.003897327505487,3.0124407532911435,0.008543425785656478,0.14831292223321701,3.521264946666435,3.372952024433218,True,True,NONE,NONE
29,veh_1,3198201.5154211917,9977838.458455993,22.193207591572833,0,0,2,1,2,NONE,1,2.471974733108226,2.469340688437643,-0.0026340446705828136,0.5230081699801239,3.27710507171218,2.754096901732056,True,True,NONE,NONE
22,veh_1,4053842.7529696235,7983999.203916203,28.428519201898098,0,0,2,1,2,NONE,1,3.125160586468448,3.125902804858418,0.0007422183899699064,0.4297682257946974,3.920691393777826,3.4909231679831287,True,True,NONE,NONE
23,veh_1,2687144.215892313,3839077.4325317373,20.321002439040377,0,0,2,1,2,NONE,1,2.0984317208206544,2.085485222759882,-0.012946498060772527,0.21221645779467085,2.5262218523301665,2.3140053945354957,True,True,NONE,NONE
24,veh_1,2803222.627927108,9486187.42901549,22.109828435863264,0,0,2,1,2,NONE,1,2.195447591703163,2.1787575967118933,-0.016689994991269774,0.49544725445339344,2.909412327389862,2.4139650729364686,True,True,NONE,NONE
27,veh_1,2794640.4994941573,6052313.207468357,22.466275076939834,0,0,2,1,2,NONE,1,2.195028495008261,2.1752384393355633,-0.019790055672697537,0.3236888292770131,2.73026349444415,2.406574665167137,True,True,NONE,NONE
37,veh_1,3361171.1189876194,8882676.463403746,29.538159275210802,0,0,2,1,2,NONE,1,2.631107279014124,2.611754502721403,-0.019352776292720808,0.4694789531492072,3.3639153794842622,2.894436426335055,True,True,NONE,NONE
38,veh_1,2790167.152253272,2607866.9247711822,25.005861130502982,0,0,2,1,2,NONE,1,2.203145881742166,2.1775720326258377,-0.02557384911632843,0.15143278357561163,2.554155273788454,2.402722490212842,True,True,NONE,NONE
26,veh_1,3186895.7031819928,5129666.673286589,29.145475897405433,0,0,2,1,2,NONE,1,2.5074312990070857,2.482709001880908,-0.024722297126177573,0.28051432850729824,3.024875351399512,2.7443610228922135,True,True,NONE,NONE
28,veh_1,2788224.825568806,9080405.952422293,25.845859902235404,0,0,2,1,2,NONE,1,2.215891330267025,2.183195718700111,-0.03269561156691392,0.4750450887171587,2.8760949651569017,2.401049876439743,True,True,NONE,NONE
31,veh_1,2328947.3910519774,8128714.279266677,26.2744604170309,0,0,2,1,2,NONE,1,1.877698900451555,1.8369839134219312,-0.04071498702962373,0.42399729361843047,2.429545337750505,2.0055480441320745,True,True,NONE,NONE
47,veh_2,4297503.287920963,5277541.402888582,21.28391464499763,0,0,2,1,2,NONE,1,1.7245962935613979,1.7986112699997274,0.07401497643832955,0.28107025766601423,7.682567901498956,7.401497643832942,True,True,NONE,NONE
59,veh_2,4422490.99329993,1872377.32805941,21.904099143618776,0,0,2,1,2,NONE,1,1.776472985313445,1.852640598166203,0.07616761285275797,0.11131209706879547,7.728073382344594,7.616761285275799,True,True,NONE,NONE
44,veh_2,4494996.588083538,1521326.4984476878,23.075141254026615,0,0,2,1,2,NONE,1,1.8070019053833155,1.8844182665278175,0.07741636114450201,0.0940496315239236,7.8356857459741285,7.741636114450205,True,True,NONE,NONE
50,veh_2,4189793.2072699284,3805446.6217080546,22.01151063389696,0,0,2,1,2,NONE,1,1.688703455696227,1.7608633645412484,0.07215990884502133,0.20703459872385396,7.423025483225993,7.21599088450214,True,True,NONE,NONE
51,veh_2,4985448.069982683,4942900.755230537,26.498780576394534,0,0,2,1,2,NONE,1,2.011967072936574,2.097830374652114,0.08586330171553991,0.26709051256482924,8.853420684118838,8.586330171554009,True,True,NONE,NONE
42,veh_2,3591061.0165855326,3917404.513042058,20.005718961279435,0,0,2,1,2,NONE,1,1.4580266590714064,1.519874731946242,0.061848072874835625,0.21023712227162317,6.3950444097551875,6.184807287483564,True,True,NONE,NONE
41,veh_2,4287532.400225454,8007638.3076750245,25.39379030119626,0,0,2,1,2,NONE,1,1.7446742960033066,1.818517545983642,0.07384324998033542,0.4175352119895138,7.8018602100230545,7.384324998033541,True,True,NONE,NONE
52,veh_2,3552727.5231067715,3022276.033284016,21.21004195868266,0,0,2,1,2,NONE,1,1.4537203445003304,1.5149082078473213,0.06118786334699089,0.16532733599460075,6.284113670693695,6.118786334699094,True,True,NONE,NONE
46,veh_2,3457971.3899498414,7845419.487315084,20.692125184683835,0,0,2,1,2,NONE,1,1.4236563115209888,1.4832122103311034,0.05955589881011458,0.4061054141714876,6.361695295182927,5.95558988101144,True,True,NONE,NONE
48,veh_2,3649410.780484832,8851897.369767316,22.65056628940059,0,0,2,1,2,NONE,1,1.509098105860408,1.5719511241909756,0.06285301833056756,0.45719520726379564,6.742497040320541,6.285301833056745,True,True,NONE,NONE
45,veh_2,4634028.797612121,1770881.068610909,29.46949445297994,0,0,2,1,2,NONE,1,1.904788923027323,1.9845998060658163,0.07981088303849337,0.1070835915669584,8.088171895416309,7.981088303849351,True,True,NONE,NONE
58,veh_2,3713129.2799758534,8061574.81861678,24.72671026311794,0,0,2,1,2,NONE,1,1.544422668139325,1.6083730965060334,0.0639504283667085,0.41793400077018583,6.812976837441039,6.395042836670854,True,True,NONE,NONE
49,veh_2,3269413.820602661,5853664.799015125,22.11798205442082,0,0,2,1,2,NONE,1,1.3727573739494743,1.4290657862267158,0.05630841227724148,0.3057633102002144,5.936604537924366,5.630841227724152,True,True,NONE,NONE
60,veh_2,3293153.5472191325,5203222.012330075,24.23578623019921,0,0,2,1,2,NONE,1,1.387458240153849,1.4441755166456007,0.05671727649175162,0.27333614730788236,5.945063796483047,5.671727649175164,True,True,NONE,NONE
54,veh_2,2660652.1533546783,6679926.615430891,20.709930860090324,0,0,2,1,2,NONE,1,1.1410908892269642,1.1869147300125302,0.045823840785566006,0.3446409046874999,4.927024983244109,4.582384078556609,True,True,NONE,NONE
57,veh_2,2642710.4221113157,9419628.165226039,21.323118487250248,0,0,2,1,2,NONE,1,1.1433324996208938,1.18884733382141,0.045514834200516274,0.48155420199954435,5.033037622051182,4.551483420051638,True,True,NONE,NONE
53,veh_2,3014256.686442366,3071032.593369193,25.883087184572332,0,0,2,1,2,NONE,1,1.2950494823766086,1.346963378115369,0.051913895738760374,0.16561088290832557,5.35700045678436,5.191389573876035,True,True,NONE,NONE
56,veh_2,2212572.0496659605,7020800.004666525,22.38004634368995,0,0,2,1,2,NONE,1,0.981337210878758,1.0194438642429158,0.03810665336415775,0.359891922758167,4.1705572591739415,3.8106653364157745,True,True,NONE,NONE
55,veh_2,2686825.3514334634,8736718.60228372,29.05420013006128,0,0,2,1,2,NONE,1,1.179810281118931,1.2260848972755274,0.04627461615659634,0.4475852161554057,5.0750468318150554,4.62746161565965,True,True,NONE,NONE
43,veh_2,2058430.2271574968,8908496.90040866,29.29098616264617,0,0,2,1,2,NONE,1,0.9373143116238465,0.972766213473749,0.035451901849902545,0.45366008639769767,3.9988502713879464,3.5451901849902487,True,True,NONE,NONE
63,veh_3,4585017.609058373,2711880.1759673036,22.486563339202856,0,0,2,1,2,NONE,1,0.7929777176394435,0.8719444915003556,0.07896677386091211,0.14349666717299991,8.040174053264213,7.896677386091213,True,True,NONE,NONE
66,veh_3,4584047.314285492,1455294.965723931,25.50325312449848,0,0,2,1,2,NONE,1,0.7942657742482716,0.8732158369306362,0.0789500626823646,0.08066573427726235,7.975672002513722,7.895006268236459,True,True,NONE,NONE
67,veh_3,4997847.4052381795,9720966.31556276,28.360275850799518,0,0,2,1,2,NONE,1,0.8753086205001573,0.9613854733046207,0.08607685280446331,0.4946625205685671,9.102347801014895,8.607685280446328,True,True,NONE,NONE
68,veh_3,4779100.949024383,2496799.9954352262,28.486957344143054,0,0,2,1,2,NONE,1,0.8401026533196416,0.9224120828743918,0.08230942955475018,0.13307717689043083,8.364020132365443,8.230942955475012,True,True,NONE,NONE
61,veh_3,4187227.5483795516,9857486.902293695,26.733645472933016,0,0,2,1,2,NONE,1,0.74794584747225,0.8200615685250587,0.07211572105280872,0.5000913793058575,7.711663484586727,7.21157210528087,True,True,NONE,NONE
69,veh_3,3456923.3763521556,4609362.632945074,22.137472991991817,0,0,2,1,2,NONE,1,0.6266812250260348,0.6862190741229686,0.059537849096933715,0.23642642598763475,6.1902113356810125,5.953784909693377,True,True,NONE,NONE
76,veh_3,3752532.7833769135,8674479.028434567,25.028503829195135,0,0,2,1,2,NONE,1,0.6863064387131479,0.7509355051588579,0.06462906644570998,0.44019175310869624,6.903098397679694,6.462906644570998,True,True,NONE,NONE
64,veh_3,3345840.643499396,3506906.3020024644,24.218816398344043,0,0,2,1,2,NONE,1,0.6197165794378149,0.677341274476691,0.05762469503887613,0.1811121491313177,5.943581653018926,5.762469503887608,True,True,NONE,NONE
73,veh_3,3667304.9702168545,2393171.427466577,27.18408275296326,0,0,2,1,2,NONE,1,0.6775167955113276,0.7406780016297023,0.06316120611837472,0.12597947585098382,6.442100087688453,6.316120611837469,True,True,NONE,NONE
75,veh_3,3626585.6041228226,1514487.4561673477,27.479755603790643,0,0,2,1,2,NONE,1,0.6720129622780157,0.7344728674967483,0.06245990521873268,0.08197509407912755,6.327965615952396,6.245990521873268,True,True,NONE,NONE
79,veh_3,2705611.6850027936,9012585.827164937,21.198866139471242,0,0,2,1,2,NONE,1,0.5222880496847806,0.5688862188309477,0.0465981691461671,0.45529263764480304,5.1151095522615195,4.659816914616717,True,True,NONE,NONE
72,veh_3,3269022.457970489,9958804.205434425,29.57317640859673,0,0,2,1,2,NONE,1,0.6293553765392043,0.6856570484618589,0.05630167192265467,0.5035746417847673,6.133741834050228,5.630167192265461,True,True,NONE,NONE
80,veh_3,2738646.0433658743,6574433.592988928,25.945191535334413,0,0,2,1,2,NONE,1,0.5445150333098921,0.5916821461175502,0.04716711280765806,0.33344196339426946,5.050153244160072,4.716711280765802,True,True,NONE,NONE
71,veh_3,2795609.1745164557,5095075.30605229,27.840706019485694,0,0,2,1,2,NONE,1,0.5594281770251738,0.6075763536104475,0.048148176585273705,0.2595722297315298,5.074389888258904,4.814817658527374,True,True,NONE,NONE
78,veh_3,2557474.88294217,7076912.982436812,25.950351064500275,0,0,2,1,2,NONE,1,0.5254606685013706,0.569507509311156,0.04404684080978538,0.3582536693356935,4.762937750314233,4.404684080978539,True,True,NONE,NONE
74,veh_3,2890123.4764836924,6212622.617346306,29.68709364969159,0,0,2,1,2,NONE,1,0.5890080369737338,0.6387840130892259,0.049775976115492115,0.3156124985397184,5.293210110088943,4.977597611549224,True,True,NONE,NONE
62,veh_3,2295253.6134558767,4053723.4485546686,24.02621282102269,0,0,2,1,2,NONE,1,0.4905310025122864,0.5300616626975665,0.03953066018528012,0.20664223252103653,4.1597082510490395,3.953066018528003,True,True,NONE,NONE
65,veh_3,2749419.3436463014,4988176.705481112,29.23265599276013,0,0,2,1,2,NONE,1,0.5737984120841942,0.6211510711295154,0.047352659045321155,0.254147687696023,4.989413592228143,4.7352659045321195,True,True,NONE,NONE
70,veh_3,2175906.199916537,9867779.594017534,23.78973118976916,0,0,2,1,2,NONE,1,0.4848164415855413,0.5222916068917557,0.037475165306214364,0.4971393346219173,4.244655865243344,3.747516530621427,True,True,NONE,NONE
77,veh_3,2472298.1838184497,1721003.1871652817,29.607789032744506,0,0,2,1,2,NONE,1,0.5376230630510211,0.5802029238595448,0.042579860808523606,0.09031137046208788,4.348297451314449,4.257986080852361,True,True,NONE,NONE
86,veh_4,4988289.343565283,2918388.810403364,20.73260721099633,0,0,2,1,2,NONE,1,0.17014317343275964,0.2560554097931811,0.08591223636042145,0.14759168836639175,8.73881532440854,8.591223636042148,True,True,NONE,NONE
92,veh_4,4816790.011781312,2038858.03377192,21.342911143933676,0,0,2,1,2,NONE,1,0.16643277819648064,0.24939131838711495,0.08295854019063431,0.10355765700211904,8.39941167606555,8.295854019063432,True,True,NONE,NONE
82,veh_4,4804118.773209281,7445726.207104733,22.042591994235366,0,0,2,1,2,NONE,1,0.17345372047563629,0.2561940266449054,0.08274030616926914,0.37389681782948025,8.647927434756388,8.274030616926908,True,True,NONE,NONE
88,veh_4,4637810.727453629,2419721.4912150875,23.69527088738884,0,0,2,1,2,NONE,1,0.1702982186353642,0.2501742370395239,0.0798760184041597,0.12254082980168306,8.110142670217657,7.987601840415974,True,True,NONE,NONE
91,veh_4,4451312.405346384,6970498.434694696,22.993787521999778,0,0,2,1,2,NONE,1,0.1710166455483768,0.24768064339274926,0.07666399784437244,0.35001715626044666,8.01641694069769,7.666399784437243,True,True,NONE,NONE
90,veh_4,4961699.190894512,1070407.9643694216,26.539763177107325,0,0,2,1,2,NONE,1,0.18919699129081036,0.2746512711607853,0.08545427986997495,0.05518373212196359,8.600611719119458,8.545427986997494,True,True,NONE,NONE
95,veh_4,3902713.876655239,5396786.669344389,22.639839016304094,0,0,2,1,2,NONE,1,0.15909291205301998,0.22630851522383746,0.06721560317081748,0.2711476587116406,6.992707975793389,6.721560317081749,True,True,NONE,NONE
89,veh_4,4501234.863919421,6505099.891533551,27.03539925087371,0,0,2,1,2,NONE,1,0.18566251428067446,0.2631863159105175,0.07752380162984304,0.32676396484445985,8.079144127828762,7.752380162984302,True,True,NONE,NONE
96,veh_4,4716009.47323797,1830686.2094146009,28.461037132948555,0,0,2,1,2,NONE,1,0.19469319137112623,0.2759160099843755,0.08122281861324926,0.09311528064732279,8.215397141972248,8.122281861324925,True,True,NONE,NONE
99,veh_4,4223692.725043792,4849182.270826114,25.516804211263914,0,0,2,1,2,NONE,1,0.1830382062786558,0.2557819592399471,0.07274375296129132,0.2438750420442655,7.518250338173395,7.274375296129129,True,True,NONE,NONE
98,veh_4,4313357.669058882,3357597.361909134,26.371133773013796,0,0,2,1,2,NONE,1,0.18940168399721283,0.26368971703788757,0.07428803304067474,0.16932585540198294,7.598129159469454,7.428803304067471,True,True,NONE,NONE
97,veh_4,3270727.317691179,1031911.2017900407,22.766802239722516,0,0,2,1,2,NONE,1,0.15548100445301782,0.2118120388086023,0.05633103435558448,0.05269202148856844,5.685795457047016,5.633103435558447,True,True,NONE,NONE
94,veh_4,3814489.481090672,2832375.8109470764,27.176121871387977,0,0,2,1,2,NONE,1,0.17654217663031121,0.24223830997841764,0.06569613334810642,0.1428975399100837,6.71251087472073,6.569613334810646,True,True,NONE,NONE
81,veh_4,3257674.7460076176,5705044.43978763,25.83672289291225,0,0,2,1,2,NONE,1,0.1635808571654206,0.2196870898813335,0.05610623271591292,0.28634430771306457,5.89696757930436,5.610623271591296,True,True,NONE,NONE
84,veh_4,2899991.2393962867,7766780.431729619,23.16177196271854,0,0,2,1,2,NONE,1,0.15935684411336679,0.20930277059085817,0.04994592647749138,0.3893111993753262,5.383903847124465,4.994592647749139,True,True,NONE,NONE
83,veh_4,2716057.857847538,7045212.006639741,23.957858467912544,0,0,2,1,2,NONE,1,0.1602359703146536,0.2070140516528946,0.04677808133824102,0.35317111726277883,5.0309792510868805,4.677808133824102,True,True,NONE,NONE
100,veh_4,2029009.0988250198,8947957.539701287,20.75243860073767,0,0,2,1,2,NONE,1,0.14615166712537292,0.18109685519882807,0.03494518807345515,0.44807807130856625,3.9425968786540793,3.494518807345513,True,True,NONE,NONE
87,veh_4,2795601.244251204,8927777.563177956,29.332593779937092,0,0,2,1,2,NONE,1,0.1807782760078384,0.2289263160118564,0.04814804000401798,0.4473260607955926,5.262130061197389,4.8148040004017965,True,True,NONE,NONE
93,veh_4,2321107.933128253,3451133.9108333467,25.53223640884816,0,0,2,1,2,NONE,1,0.1683227460721491,0.20829868965413031,0.03997594358198123,0.17333481153989688,4.170929169738018,3.9975943581981217,True,True,NONE,NONE
85,veh_4,2217629.3434794717,9986089.967689982,24.582855226185863,0,0,2,1,2,NONE,1,0.17483987430261258,0.2130336283523011,0.03819375404968853,0.5000479247653564,4.31942332973421,3.819375404968854,True,True,NONE,NONE
119,veh_10,4911201.833066683,9662808.841853999,21.785678161724636,5,0,1,1,2,NONE,0,6.1122473651223,6.279421574432536,0.16717420931023597,0.5441662876555043,17.261587218679182,16.71742093102368,False,False,COVERAGE_VIOLATION,COVERAGE_VIOLATION
111,veh_10,4432247.949723167,8086370.58221924,22.66805709594472,5,0,1,1,2,NONE,0,5.5251929390092265,5.676063860557001,0.15087092154777437,0.4593929667068135,15.546485121484237,15.087092154777423,True,True,NONE,NONE
106,veh_10,4652404.104353027,6585953.591356415,24.063773898321166,5,0,1,1,2,NONE,0,5.805341575398196,5.963706473436048,0.1583648980378518,0.3871077439916485,16.22359754777686,15.83648980378521,False,False,COVERAGE_VIOLATION,COVERAGE_VIOLATION
101,veh_10,4711785.714679679,8511355.178974152,25.455902892055224,5,0,1,1,2,NONE,0,5.887639614656534,6.048025825214489,0.160386210557955,0.4841156902133289,16.522736746008757,16.038621055795428,False,False,COVERAGE_VIOLATION,COVERAGE_VIOLATION
108,veh_10,4928618.098792888,8932745.841969918,28.107717199403968,5,0,1,1,2,NONE,0,6.166004976702852,6.33377202470123,0.16776704799837816,0.5078795495251607,17.284584349363026,16.776704799837866,False,False,COVERAGE_VIOLATION,COVERAGE_VIOLATION
102,veh_10,3747528.699469382,2147009.6735392488,21.480937855674828,5,0,1,1,2,NONE,0,4.700548297322238,4.828111807944651,0.12756351062241222,0.1539167042130857,12.910267766454341,12.756351062241256,True,True,NONE,NONE
110,veh_10,4792447.658144977,8776576.255377514,28.022351389371387,5,0,1,1,2,NONE,0,6.007725248175243,6.170857140356267,0.16313189218102409,0.4983790370509752,16.81156825515339,16.313189218102416,False,False,COVERAGE_VIOLATION,COVERAGE_VIOLATION
117,veh_10,3924445.215822883,9830347.184784342,23.99678384360061,5,0,1,1,2,NONE,0,4.938988987963869,5.072574625092301,0.13358563712843186,0.540281917447355,13.898845630290472,13.358563712843116,True,True,NONE,NONE
104,veh_10,4582107.746002708,2890688.8450577864,28.989246365264748,5,0,1,1,2,NONE,0,5.7590811147334655,5.915053169120404,0.15597205438693873,0.20147101484027266,15.798676453534226,15.597205438693953,False,False,COVERAGE_VIOLATION,COVERAGE_VIOLATION
116,veh_10,4593058.826090859,3512124.934496843,29.66889104048361,5,0,1,1,2,NONE,0,5.776200884902696,5.93254570714098,0.1563448222382835,0.23267889576457282,15.867161119592941,15.634482223828368,False,False,COVERAGE_VIOLATION,COVERAGE_VIOLATION
120,veh_10,2796399.087568906,4911073.8270817995,21.08402547214711,5,0,1,1,2,NONE,0,3.548609946824362,3.643797606030844,0.09518765920648198,0.2803013202747665,9.79906724092293,9.518765920648164,True,True,NONE,NONE
105,veh_10,2748589.217668773,8021046.176842984,21.027936216717855,5,0,1,1,2,NONE,0,3.4972231772348263,3.5907834186585634,0.09356024142373709,0.4352058596051619,9.791230001978878,9.356024142373716,True,True,NONE,NONE
118,veh_10,3608647.197436166,2038075.7666628482,29.392371403247157,5,0,1,1,2,NONE,0,4.567956192292327,4.690792264279678,0.12283607198735158,0.1467442884890635,12.430351487224238,12.283607198735174,True,True,NONE,NONE
114,veh_10,2915572.6020158017,3048359.3866699333,27.953454991528616,5,0,1,1,2,NONE,0,3.7098006211287444,3.809044871517092,0.0992442503883475,0.18864643018391528,10.113071469018669,9.924425038834753,True,True,NONE,NONE
103,veh_10,2924775.049790401,8165100.743992375,28.9898148874259,5,0,1,1,2,NONE,0,3.7294005432419453,3.8289580391418254,0.09955749589988017,0.44459784626372933,10.400347436251712,9.955749589987983,True,True,NONE,NONE
113,veh_10,2667301.152636993,5142729.112110479,28.16586605596929,5,0,1,1,2,NONE,0,3.4146101313793564,3.5054033783972534,0.09079324701789693,0.29027993325988755,9.369604635049598,9.07932470178971,True,True,NONE,NONE
115,veh_10,2070993.3041043545,3954357.5607793587,21.931297883277086,5,0,1,1,2,NONE,0,2.6776014434503517,2.748096747831734,0.07049530438138252,0.22345172523843376,7.272982163376696,7.049530438138262,True,True,NONE,NONE
107,veh_10,2463660.014996614,8781451.265979676,29.298810156936746,5,0,1,1,2,NONE,0,3.174304565848352,3.2581659971263917,0.08386143127803969,0.4696856272097698,8.855828755013755,8.386143127803985,True,True,NONE,NONE
112,veh_10,2324286.879208871,8727339.262040034,28.721667829060898,5,0,1,1,2,NONE,0,3.009848970478777,3.088966228219185,0.07911725774040779,0.46524819766647163,8.376973971707269,7.911725774040797,True,True,NONE,NONE
109,veh_10,2074359.0856945661,3989669.211517858,27.365644717550822,5,0,1,1,2,NONE,0,2.703282172102957,2.77389204556441,0.07060987346145309,0.22525913046448937,7.286246476609794,7.060987346145304,True,True,NONE,NONE
124,veh_11,4776725.496497248,7474869.99230361,25.38451997092792,5,0,1,1,2,NONE,0,3.609395876004216,3.771992595730219,0.16259671972600298,0.4097627096752996,16.669434682275597,16.259671972600298,True,True,NONE,NONE
132,veh_11,3643811.6394070946,3582223.4518203447,20.004059396972874,5,0,1,1,2,NONE,0,2.7586970186513433,2.8827300660394504,0.12403304738810705,0.20658757184308943,12.609892310653803,12.403304738810714,True,True,NONE,NONE
121,veh_11,4185635.181958113,6455879.679755289,23.136773141949913,5,0,1,1,2,NONE,0,3.173718473409132,3.3161948520612445,0.1424763786521126,0.35435603899061696,14.601993904201843,14.247637865211226,True,True,NONE,NONE
131,veh_11,4708416.637197748,3708548.871090088,26.155149159513805,5,0,1,1,2,NONE,0,3.5716337872622006,3.731905316550012,0.1602715292878112,0.22093156620717674,16.248084494988266,16.02715292878109,True,True,NONE,NONE
137,veh_11,3898822.567297387,8365811.180829979,23.351882554098008,5,0,1,1,2,NONE,0,2.969519911290159,3.1022333696417284,0.13271345835156945,0.4476898848226425,13.719035719979612,13.27134583515697,True,True,NONE,NONE
138,veh_11,4253414.412622197,3021765.9939755946,26.72795670557167,5,0,1,1,2,NONE,0,3.2399239702738685,3.3847075111398475,0.144783540865979,0.18316144840982068,14.661515535007714,14.478354086597893,True,True,NONE,NONE
125,veh_11,4225850.233518429,4277993.246031377,26.706285044329995,5,0,1,1,2,NONE,0,3.2234170145417473,3.367262288155924,0.14384527361417687,0.24576496152282828,14.630292322940491,14.384527361417662,True,True,NONE,NONE
122,veh_11,3534269.1790084345,6189292.391469396,23.85195433344727,5,0,1,1,2,NONE,0,2.7081151035081774,2.82841939471287,0.12030429120469277,0.3361150067604788,12.366544127229746,12.030429120469268,True,True,NONE,NONE
129,veh_11,3207201.161173174,2145590.191532379,22.95655202525947,5,0,1,1,2,NONE,0,2.463632922290325,2.5728040246889416,0.1091711023986166,0.13146361904953413,11.04857385891124,10.917110239861707,True,True,NONE,NONE
134,veh_11,3394964.5707410425,2923312.6089019026,24.421597993048074,5,0,1,1,2,NONE,0,2.608140458145645,2.7237029084462283,0.11556245030058321,0.17176558215047447,11.728010612208783,11.556245030058308,True,True,NONE,NONE
139,veh_11,2597389.79817973,3203582.8967051515,20.244253877268264,5,0,1,1,2,NONE,0,2.0099275834166446,2.098341092073045,0.08841350865640063,0.17976493196437987,9.021115797604441,8.841350865640061,True,True,NONE,NONE
133,veh_11,3289664.449969504,6892350.613327645,25.79984781195682,5,0,1,1,2,NONE,0,2.5388341490062474,2.6508122496855764,0.111978100679329,0.36942345994526726,11.567233527878178,11.197810067932911,True,True,NONE,NONE
128,veh_11,2900966.8046337925,4675536.177572952,23.092846622086533,5,0,1,1,2,NONE,0,2.250409691317996,2.34915676958602,0.09874707826802398,0.2556517382188744,10.130359565021267,9.874707826802393,True,True,NONE,NONE
136,veh_11,2509074.1885941643,5639068.089236948,20.847955367251217,5,0,1,1,2,NONE,0,1.960539577050158,2.04594687812152,0.0854073010713623,0.3008732419785034,8.841603349114745,8.540730107136241,True,True,NONE,NONE
140,veh_11,3425409.0326564154,1655454.062661122,28.49737694624732,5,0,1,1,2,NONE,0,2.6531632949975164,2.7697620555581075,0.11659876056059115,0.10860222328855913,11.768478279347688,11.65987605605913,True,True,NONE,NONE
135,veh_11,3419558.5577279786,8164222.841141022,29.011808258282542,5,0,1,1,2,NONE,0,2.6569159290723916,2.7733155431605927,0.1163996140882011,0.4339965463248915,12.073957955145016,11.639961408820124,True,True,NONE,NONE
130,veh_11,3261339.001318725,7095861.507454596,29.40363670730183,5,0,1,1,2,NONE,0,2.5447053024405806,2.6557192227334165,0.11101392029283597,0.3793854147591776,11.480777444042781,11.101392029283604,True,True,NONE,NONE
127,veh_11,2941746.935175079,7477788.367125551,28.480152795063354,5,0,1,1,2,NONE,0,2.3111926095163535,2.4113278176781456,0.10013520816179211,0.39607185292981173,10.409592669109,10.013520816179188,True,True,NONE,NONE
123,veh_11,2764167.518415746,1015221.5039676653,27.087852838341707,5,0,1,1,2,NONE,0,2.178302913953217,2.272393430897752,0.09409051694453474,0.07160446060124641,9.480656155054737,9.40905169445349,True,True,NONE,NONE
126,veh_11,2209921.4333789307,3971800.324383368,26.642376849112722,5,0,1,1,2,NONE,0,1.7643418400402415,1.8395661702185389,0.07522433017829733,0.21525407287965795,7.737687090709402,7.522433017829744,True,True,NONE,NONE
144,veh_5,4310138.565722075,4826315.745484607,21.06587296563539,0,0,2,1,2,NONE,1,0.7477144687799734,0.8219470598950314,0.07423259111505798,0.24874466880457524,7.672003780310379,7.4232591115058035,True,True,NONE,NONE
157,veh_5,4119257.425083657,4668394.326999281,20.64228850713878,0,0,2,1,2,NONE,1,0.7194829143336935,0.7904280005464088,0.07094508621271534,0.24051959839257608,7.335028219664111,7.094508621271535,True,True,NONE,NONE
143,veh_5,3968174.0333353523,7758680.289566256,20.055448181380317,0,0,2,1,2,NONE,1,0.7012011181655659,0.769544127560352,0.0683430093947861,0.3947734917563479,7.229074431234963,6.834300939478615,True,True,NONE,NONE
148,veh_5,4963677.359199344,9550356.475988403,25.954523184694196,0,0,2,1,2,NONE,1,0.8823347348578985,0.9678230842958677,0.08548834943796924,0.48607313367961874,9.034908077476537,8.548834943796917,True,True,NONE,NONE
149,veh_5,4674277.777431311,7473465.651483704,26.12652322761763,0,0,2,1,2,NONE,1,0.8399277807710459,0.9204318633473635,0.08050408257631758,0.38172978825700044,8.432138045888752,8.050408257631751,True,True,NONE,NONE
151,veh_5,4691624.309699787,5272069.93140748,27.43655442159585,0,0,2,1,2,NONE,1,0.8481896695034001,0.9289925076806143,0.08080283817721412,0.2716899004411987,8.351973718162615,8.080283817721416,True,True,NONE,NONE
153,veh_5,4297441.052891497,6640735.932836032,25.21299812827982,0,0,2,1,2,NONE,1,0.7868896496711434,0.8609035542489224,0.07401390457777901,0.33944379295497534,7.740834250732877,7.401390457777901,True,True,NONE,NONE
142,veh_5,4089062.751471515,3195859.9562059497,24.94377169010437,0,0,2,1,2,NONE,1,0.7541697799787783,0.8245948298107776,0.07042504983199926,0.16684083682698556,7.2093458200269165,7.042504983199931,True,True,NONE,NONE
158,veh_5,3627833.421511746,2861509.505629692,24.157742341031557,0,0,2,1,2,NONE,1,0.6775345865746386,0.7400159826843498,0.06248139610971115,0.14932834726907496,6.3974679582401945,6.248139610971119,True,True,NONE,NONE
160,veh_5,4086568.9594939044,7890351.185062625,28.567320323039343,0,0,2,1,2,NONE,1,0.7644918149253443,0.8348739147135394,0.0703820997881951,0.40156110001237805,7.439771078831887,7.038209978819509,True,True,NONE,NONE
154,veh_5,2823792.3407526147,3571553.3577683726,20.774833538647357,0,0,2,1,2,NONE,1,0.5504133378519694,0.5990469070583005,0.048633569206331106,0.18344470834335402,5.04680162897647,4.863356920633116,True,True,NONE,NONE
150,veh_5,3514334.494473206,5930847.555497455,28.30569169721415,0,0,2,1,2,NONE,1,0.6753648566336148,0.7358914850915722,0.06052662845795742,0.30259962494206966,6.355262470737815,6.052662845795745,True,True,NONE,NONE
152,veh_5,2777574.645395058,6738952.930985406,22.472397375096595,0,0,2,1,2,NONE,1,0.5551171349679938,0.6029547067302883,0.04783757176229453,0.3417350269705011,5.12549220319997,4.783757176229469,True,True,NONE,NONE
141,veh_5,3243323.0329931583,2749917.1306573837,26.297653807377138,0,0,2,1,2,NONE,1,0.6381426520975061,0.6940017083415357,0.05585905624402965,0.1430859929540885,5.72899161735706,5.5859056244029714,True,True,NONE,NONE
155,veh_5,2815145.3212465537,5861370.002666107,23.197095684187623,0,0,2,1,2,NONE,1,0.5702040398954981,0.6186886833414228,0.048484643445924736,0.297920636732478,5.146384981324949,4.848464344592471,True,True,NONE,NONE
147,veh_5,3369385.4764105175,7008199.593277178,28.014166017222642,0,0,2,1,2,NONE,1,0.6727401300493718,0.7307703326903152,0.058030202640943385,0.35621739516863743,6.159237659262974,5.803020264094337,True,True,NONE,NONE
159,veh_5,3260430.5533202766,6256714.727838026,29.04838478340177,0,0,2,1,2,NONE,1,0.6602175595305038,0.7163712549240808,0.05615369539357706,0.3184553590442128,5.933824898401918,5.6153695393577046,True,True,NONE,NONE
156,veh_5,2415122.1845484674,7245548.31069147,22.312614797281867,0,0,2,1,2,NONE,1,0.521767194996156,0.563362325845147,0.041595130848991024,0.3664400790584346,4.525953163957535,4.159513084899101,True,True,NONE,NONE
146,veh_5,2150655.155421923,8635027.126164937,22.491982796599718,0,0,2,1,2,NONE,1,0.4848191347550537,0.521859406743428,0.037040271988374285,0.43545818895843535,4.139485387795866,3.704027198837431,True,True,NONE,NONE
145,veh_5,2527660.045119595,5661619.753993668,29.5796604227954,0,0,2,1,2,NONE,1,0.555460676133807,0.598994022393128,0.04353334625932104,0.2874376195661194,4.640772245498214,4.353334625932095,True,True,NONE,NONE
164,veh_12,3809757.766823724,2974794.7115929257,22.20538694323819,5,0,1,1,2,NONE,0,1.5271593108915422,1.6568410596733054,0.1296817487817632,0.16398158074144578,13.132156458917782,12.968174878176336,True,True,NONE,NONE
166,veh_12,4037425.655085049,2485402.5808315794,24.04316669137637,5,0,1,1,2,NONE,0,1.6207286855666434,1.7581601055081548,0.13743141994151142,0.14042281392432115,13.883564808075457,13.743141994151136,True,True,NONE,NONE
170,veh_12,3385095.332154535,4411934.777693257,20.502846334886275,5,0,1,1,2,NONE,0,1.3641603065029393,1.4793868141537856,0.1152265076508463,0.23413962062899102,11.756790385713604,11.522650765084613,True,True,NONE,NONE
165,veh_12,3307507.92813991,4025165.893285442,20.290248199467154,5,0,1,1,2,NONE,0,1.3371447797622986,1.4497302611716147,0.11258548140931612,0.21449076948226103,11.473038910413885,11.258548140931625,True,True,NONE,NONE
167,veh_12,3402170.4476969307,6600312.648766582,21.276277972811606,5,0,1,1,2,NONE,0,1.3816170925229472,1.4974248263250913,0.11580773380214415,0.3436268272574369,11.924400207471846,11.58077338021441,True,True,NONE,NONE
161,veh_12,3141143.086783135,4165829.224046422,20.05896083583993,5,0,1,1,2,NONE,0,1.281352696479464,1.3882752237369904,0.10692252725752649,0.2208583537687536,10.913111079521412,10.69225272575266,True,True,NONE,NONE
178,veh_12,4008376.533859732,2961680.868158533,25.63969581930019,5,0,1,1,2,NONE,0,1.6312718147622183,1.767714420959749,0.1364426061975308,0.16412051034850508,13.808381130101571,13.644260619753066,True,True,NONE,NONE
162,veh_12,4260425.375178157,9580873.046230957,28.534479505691046,5,0,1,1,2,NONE,0,1.741690842035491,1.8867130316399325,0.14502218960444146,0.4960885007943967,14.998307461238548,14.502218960444152,True,True,NONE,NONE
179,veh_12,4098394.9137384524,2510102.2903102203,27.668980983562406,5,0,1,1,2,NONE,0,1.6793767912978805,1.8188835663060456,0.1395067750081651,0.14190172146808067,14.092579222284591,13.95067750081651,True,True,NONE,NONE
176,veh_12,4262699.612178579,2794246.1412627962,29.496117327159887,5,0,1,1,2,NONE,0,1.7479050532547595,1.8930046564506706,0.1450996031959111,0.1567662541738656,14.666726573764976,14.50996031959111,True,True,NONE,NONE
175,veh_12,3950432.279749625,6865791.897195005,27.81233049610895,5,0,1,1,2,NONE,0,1.6298408464150949,1.7643110667905426,0.13447022037544776,0.35909424198310747,13.806116279527876,13.447022037544768,True,True,NONE,NONE
180,veh_12,3821742.481672795,2030795.8424100792,27.47925651955286,5,0,1,1,2,NONE,0,1.5803862172976497,1.7104759182053495,0.13008970090769978,0.11682958499426263,13.125799675764236,13.008970090769974,True,True,NONE,NONE
173,veh_12,2756814.595347142,1174449.5834500962,20.819062327616425,5,0,1,1,2,NONE,0,1.155510850979273,1.2493510790654196,0.09384022808614656,0.0697517738872452,9.453774582501905,9.38402280861466,True,True,NONE,NONE
174,veh_12,3618257.143767601,4149643.093481655,29.999078285092093,5,0,1,1,2,NONE,0,1.5043011442775929,1.6274643327700442,0.12316318849245134,0.22195785589087152,12.538276705136003,12.316318849245132,True,True,NONE,NONE
163,veh_12,3257063.8478894653,5915190.787604552,27.47515668978051,5,0,1,1,2,NONE,0,1.365712337010633,1.4765807337802035,0.1108683967695705,0.3087902006164707,11.395629877573514,11.086839676957043,True,True,NONE,NONE
172,veh_12,3137378.646692409,8487318.566397455,27.52009823554785,5,0,1,1,2,NONE,0,1.3263167344976348,1.433111122591459,0.10679438809382424,0.43691776034532187,11.116356569727742,10.67943880938242,True,True,NONE,NONE
171,veh_12,2634980.852634445,7851067.371046244,23.268458048813084,5,0,1,1,2,NONE,0,1.1331715744091775,1.222864658823042,0.08969308441386459,0.40309523830316635,9.372403679689631,8.969308441386465,True,True,NONE,NONE
177,veh_12,2061140.051960997,2135988.7738678562,21.523823457847904,5,0,1,1,2,NONE,0,0.905728855907916,0.9758887618079921,0.07015990590007615,0.11504552137149565,7.13103611137911,7.015990590007615,True,True,NONE,NONE
168,veh_12,2080899.355715413,6079527.847222967,23.940202563397047,5,0,1,1,2,NONE,0,0.919713564786658,0.9905460649098884,0.07083250012323039,0.3123015268495664,7.395551539172608,7.083250012323042,True,True,NONE,NONE
169,veh_12,2081306.1390209373,2221295.3850750783,26.427496480093357,5,0,1,1,2,NONE,0,0.9220976035411723,0.992943950311267,0.07084634677009471,0.11939153117586636,7.204026208185335,7.084634677009468,True,True,NONE,NONE
192,veh_6,4896421.193714233,8273792.969260803,22.700823963874008,0,0,2,1,2,NONE,1,1.9672039467823421,2.0515339577223037,0.08433001093996162,0.433278950001171,8.866280043997332,8.433001093996161,True,True,NONE,NONE
195,veh_6,4492193.05667181,8934680.656024948,20.866628980556744,0,0,2,1,2,NONE,1,1.8144175141304208,1.8917855906553471,0.07736807652492628,0.4647061232062988,8.201513775698922,7.736807652492623,True,True,NONE,NONE
183,veh_6,4874518.514617688,7435132.345445216,23.966544415166272,0,0,2,1,2,NONE,1,1.9748110702940693,2.0587638560945356,0.08395278580046628,0.39125829191549416,8.786536871962136,8.395278580046641,True,True,NONE,NONE
190,veh_6,4882362.701643735,8458365.799022123,26.35585106101446,0,0,2,1,2,NONE,1,1.9864076903178707,2.0704955748673117,0.08408788454944105,0.4424513471365874,8.85123980208065,8.408788454944062,True,True,NONE,NONE
187,veh_6,4347906.039083059,4855402.1191127,23.47203765308449,0,0,2,1,2,NONE,1,1.7774409495338266,1.8523240017337674,0.07488305219994085,0.26016494171208465,7.748470161706167,7.488305219994082,True,True,NONE,NONE
194,veh_6,4193078.6429153667,8665418.440173987,22.683955380492254,0,0,2,1,2,NONE,1,1.7241639731125022,1.79638046631025,0.07221649319774781,0.4500463338165339,7.671695653591318,7.221649319774784,True,True,NONE,NONE
186,veh_6,3801234.8444505325,9854599.163632043,21.210550650673152,0,0,2,1,2,NONE,1,1.577252109173896,1.642719960760968,0.06546785158707191,0.5079377053584143,7.054722864065601,6.546785158707187,True,True,NONE,NONE
191,veh_6,4121925.931118231,7604157.736120527,24.35487145007677,0,0,2,1,2,NONE,1,1.713156389566724,1.7841474348859347,0.07099104531921085,0.3966986352094057,7.495803167130496,7.09910453192109,True,True,NONE,NONE
189,veh_6,4548726.8809987325,1949849.8357959874,28.22330918090058,0,0,2,1,2,NONE,1,1.885858145196549,1.9641998916398409,0.07834174644329184,0.11569075925111898,7.949865403580298,7.834174644329179,True,True,NONE,NONE
197,veh_6,3136967.912384792,8658575.526812132,20.286999977700894,0,0,2,1,2,NONE,1,1.3297088530741987,1.3837361779108206,0.05402732483662187,0.4454789651254346,5.848211448787609,5.402732483662175,True,True,NONE,NONE
181,veh_6,4457903.522933256,1972888.7469184592,29.647207730340877,0,0,2,1,2,NONE,1,1.8601535575363846,1.936931072783819,0.07677751524743437,0.11647934428790362,7.794230869031331,7.677751524743427,True,True,NONE,NONE
193,veh_6,3614518.7193447673,4920170.437035048,24.834975038831963,0,0,2,1,2,NONE,1,1.5276575095447165,1.5899095893977206,0.06225207985300418,0.260469266609446,6.48567725190986,6.225207985300414,True,True,NONE,NONE
200,veh_6,2828805.7272685547,9532563.19999328,20.10151114438677,0,0,2,1,2,NONE,1,1.2228468388749032,1.2715667525608063,0.048719913685903116,0.48794547241865965,5.359936841008953,4.871991368590294,True,True,NONE,NONE
188,veh_6,3111712.6286541685,4071080.573751549,25.05960789677078,0,0,2,1,2,NONE,1,1.3401015770468916,1.3936939355542217,0.05359235850733013,0.21600317768255534,5.575239028415573,5.359235850733017,True,True,NONE,NONE
198,veh_6,2545519.5714730755,8180491.211452869,22.12119850179739,0,0,2,1,2,NONE,1,1.121763023284129,1.1656039603313308,0.04384093704720193,0.41920851911787926,4.8033022238380685,4.384093704720189,True,True,NONE,NONE
196,veh_6,2731590.317572868,6492985.338074686,24.647084666032317,0,0,2,1,2,NONE,1,1.202698051260469,1.249743644817684,0.04704559355721494,0.3355776458753527,5.04013700159685,4.704559355721497,True,True,NONE,NONE
199,veh_6,3021016.529492851,7310653.752989815,28.803199797582252,0,0,2,1,2,NONE,1,1.3258005683772132,1.377830887441469,0.052030319064255925,0.37761898525474674,5.580650891680351,5.203031906425604,True,True,NONE,NONE
182,veh_6,2077035.276492398,7096125.581653679,23.11957244394695,0,0,2,1,2,NONE,1,0.9552344651639382,0.991006797783964,0.03577233262002588,0.36311595439999067,3.9403492164025864,3.5772332620025957,True,True,NONE,NONE
185,veh_6,2305703.9163379297,8652639.151799167,27.72480884951224,0,0,2,1,2,NONE,1,1.05537145096465,1.0950820944727497,0.03971064350809983,0.4418564763737542,4.412920827183725,3.9710643508099706,True,True,NONE,NONE
184,veh_6,2227989.43352918,6645181.5604094,26.906144159329806,0,0,2,1,2,NONE,1,1.0309250989867513,1.0692972826430172,0.038372183656265824,0.3411726814688827,4.1783910470954595,3.837218365626577,True,True,NONE,NONE
