scenario,workload,seed,num_evaluated_algorithms,realization_filename,realization_sha256,all_7_algos_paired_identically
corridor_2400m,20,42,7,realization_corridor_2400m_w20_seed42.json,f06fda410fdea551aae2cc024389d8de42630a73f2d504a19ec1fb4b747224a6,True
corridor_2400m,20,43,7,realization_corridor_2400m_w20_43.json,52a594aa777255afb0bda1c2b2373e272cbf926223556329585fd800730c4604,True
corridor_2400m,20,44,7,realization_corridor_2400m_w20_44.json,805b00e6ec8c010f4a340d5e45c5cce35fc48264d889b507bc198891b5bf460f,True
corridor_2400m,20,45,7,realization_corridor_2400m_w20_45.json,b09d0411e658043b9e5b6039b0a7de65796ce3152226026f3be0f28f44a74fd7,True
corridor_2400m,20,46,7,realization_corridor_2400m_w20_46.json,04ef7c838e8795c5894976cdfac799704524a1893e32ae121dae50ab5b3d7343,True
corridor_2400m,20,47,7,realization_corridor_2400m_w20_seed47.json,50af9e828670c1407dcb0ebe449032456bdc6adca8450a9be42aec0f04c41523,True
corridor_2400m,20,48,7,realization_corridor_2400m_w20_seed48.json,9757e1a7d84034e343dc030c3e6c8a5c6860300a600f680f82b581bd2d517bff,True
corridor_2400m,20,49,7,realization_corridor_2400m_w20_seed49.json,9d50cb88a164bf17221658f0a03647330463f75de2718ebb6db631731380901a,True
corridor_2400m,20,50,7,realization_corridor_2400m_w20_seed50.json,849bbd6262223a1eaf11801a36215c5bcc20e3ebaceaab44474c99a38821e3d9,True
corridor_2400m,20,51,7,realization_corridor_2400m_w20_seed51.json,2935371bd9ebe8c927b5d43ef91fe24e1c705a78645f3886de56da3ef04b4230,True
corridor_2400m,30,42,7,realization_corridor_2400m_w30_42.json,9aac6a3cd75c839bda90bca65a2422b6d8fec6298bb8a34b9bc77fa056ceefc1,True
corridor_2400m,30,43,7,realization_corridor_2400m_w30_43.json,dae3ddc2916c97039addccf0b7ccd98e3d3141fddfd1075e2f18653b1861069b,True
corridor_2400m,30,44,7,realization_corridor_2400m_w30_44.json,2e7215839ff41c4f9bd7cd524a428cb532657965c2eaabbe5ac5e5a3e39e93e3,True
corridor_2400m,30,45,7,realization_corridor_2400m_w30_45.json,f820ccdf1f56a15863c501f5ef482e73f19d133834f3c2390c7641fc1e03155a,True
corridor_2400m,30,46,7,realization_corridor_2400m_w30_46.json,86136e88345f1c18a29118b9ca8bfc848f0f984edc9fb5f2b303b7f02d3acb71,True
corridor_2400m,30,47,7,realization_corridor_2400m_w30_seed47.json,624cc23feef90e3f271228ceff8c0e8836438c34b191dc57eaf905ca503988aa,True
corridor_2400m,30,48,7,realization_corridor_2400m_w30_seed48.json,fa306d0184da1ab0e8a7e0dec852c43be28871954050c4ca57c88d780dfea564,True
corridor_2400m,30,49,7,realization_corridor_2400m_w30_seed49.json,1e4923ce97c5e3104e6efb9d7711ffd828a6f726b25a2273cbb2ad869db6fd22,True
corridor_2400m,30,50,7,realization_corridor_2400m_w30_seed50.json,3f35e685bc857551fa852b1687901958f33f4a2609378ab5882869e38dfe0763,True
corridor_2400m,30,51,7,realization_corridor_2400m_w30_seed51.json,2c83e6ad70a1baafe076027efd90eedb920bd15c68576b493245a360ed83013f,True
corridor_2400m,40,42,7,realization_corridor_2400m_w40_42.json,06711051f37b7c21eefbdafea3c03d5530fd928862e4ee02b7a2d391bac6c4dd,True
corridor_2400m,40,43,7,realization_corridor_2400m_w40_43.json,ce238db746640afb18db10717654acdd2c5d0d371b43a187e523e2448b7a075a,True
corridor_2400m,40,44,7,realization_corridor_2400m_w40_44.json,1c70bdc5ba018ddcb7fcdc62a278ea1228722c0b95dbe66c0405446ff252c0a0,True
corridor_2400m,40,45,7,realization_corridor_2400m_w40_45.json,a9550c34900850ef87abdbfa4fe447b44c7bf925335f9dbcd4f10b0a8330eeb4,True
corridor_2400m,40,46,7,realization_corridor_2400m_w40_46.json,dc687754fb9690a917a15d69ecbc77f83310c826edc3c7a931fc897ec02154cd,True
corridor_2400m,40,47,7,realization_corridor_2400m_w40_seed47.json,967648a3fb5bf636c0093510403e864b6663cc6db80a43fa90723c304628767e,True
corridor_2400m,40,48,7,realization_corridor_2400m_w40_seed48.json,a6933bd6f3309c7ed62f584457a1de5b65e379254ac6143044d4fa7d135ec10a,True
corridor_2400m,40,49,7,realization_corridor_2400m_w40_seed49.json,9634e76dad4b7fc48f38a0e7d0f7ee5d773c5243b65239d2c7e85b90e554aeff,True
corridor_2400m,40,50,7,realization_corridor_2400m_w40_seed50.json,b8ecfcaeb468102fb2cc739833eb741fa1706415f03d21b801f9ba2688b5f610,True
corridor_2400m,40,51,7,realization_corridor_2400m_w40_seed51.json,5823d1befd07544b1f9a7a641868dbd5615e02b5ec94aed7d6c2a3051d70b654,True
grid_200m,20,42,7,realization_grid_200m_w20_42.json,a8da4ce99a3ed874a8d14eb6f334632103224883a7704a2117534e8ca858cdfa,True
grid_200m,20,43,7,realization_grid_200m_w20_43.json,e31eb04b48a7312bb56f210f70415d62b484795687d109427d9ed1363903bcb7,True
grid_200m,20,44,7,realization_grid_200m_w20_44.json,e024511ac1d2a4933a9b6fb14e0e68102efbc6764454fbdd2bb4387172fb61dd,True
grid_200m,20,45,7,realization_grid_200m_w20_45.json,8fae691a7d4403db2c85398ce8793fd241bdbb8a02187e631badad45e28e64bc,True
grid_200m,20,46,7,realization_grid_200m_w20_46.json,aa472acef9b1e2caa6ea22899fbbc437d529a36e00b6a85dc0bf0b1af017afa4,True
grid_200m,20,47,7,realization_grid_200m_w20_seed47.json,3cdf11673187d597401c2fc022de6cdf5ba2561f6bc1524c09d3145428f85316,True
grid_200m,20,48,7,realization_grid_200m_w20_seed48.json,0bbff03f9f099996a15d5bd6d70141233161de94f38c091dc803af7eac602329,True
grid_200m,20,49,7,realization_grid_200m_w20_seed49.json,6a64639e21d4f3e76a60915870be61ee5bafbd2cd434df11e18d032c140415eb,True
grid_200m,20,50,7,realization_grid_200m_w20_seed50.json,12fbb46a3d4dad38c2a44530a1a2cc0171fb051d6ec4ef6c7519ad2c59ab82cc,True
grid_200m,20,51,7,realization_grid_200m_w20_seed51.json,c10cb5275eec2396074d1cd29354a2c1a7804964cc0b8f61f81dc12f9308c3ec,True
grid_200m,30,42,7,realization_grid_200m_w30_42.json,32aee6919d8d71451883bf6e35e138ab72d21babff98728b2d1d273cb4b3355d,True
grid_200m,30,43,7,realization_grid_200m_w30_43.json,c30ace34300085764bc6626e87c687359ea9e99eb8826c0fed6c444166df38f0,True
grid_200m,30,44,7,realization_grid_200m_w30_44.json,aa7f46f0ffa273b33c019701f1a52143efd5a86411e0cf28a505e0fe6f98a68b,True
grid_200m,30,45,7,realization_grid_200m_w30_45.json,de75ab8e6c15f61f385143bff37110df4222c088a602836b7109ce21d59a8fc2,True
grid_200m,30,46,7,realization_grid_200m_w30_46.json,4fc08257e157d11df2717bf3a44adf91cb50971be0248ca638b169d94f7ad033,True
grid_200m,30,47,7,realization_grid_200m_w30_seed47.json,11e5656bd17a343fbd09308565e61a9929205d8f58996ad4337956e51f8438dc,True
grid_200m,30,48,7,realization_grid_200m_w30_seed48.json,a8a82d735a5c827791e06308f5a2c5bc69cd0ca7372c20a8cb924f9a83d13f51,True
grid_200m,30,49,7,realization_grid_200m_w30_seed49.json,3b33f1b5e356f107d1d06438ba17e1072bbc7322b8295d882f9e14a50125d143,True
grid_200m,30,50,7,realization_grid_200m_w30_seed50.json,a760449c812516dfb8d1bb53d06a1e3276e0d73d71c68b117e4b82791e68bf02,True
grid_200m,30,51,7,realization_grid_200m_w30_seed51.json,f5c84fa8da0b2aec435e5aa29926c8ffc40eb97ea7e720a9eed0d5bf62827c90,True
grid_200m,40,42,7,realization_grid_200m_w40_42.json,6e92439f1b38705e21439490a9837376ff406931ff92523fdf7e0031d537c6ce,True
grid_200m,40,43,7,realization_grid_200m_w40_43.json,ca19498c68c5decbcc2d3c9d2aa873ef3d727ddb0f70a66ef52402cf7d4f20f9,True
grid_200m,40,44,7,realization_grid_200m_w40_44.json,519d90ef11e71b1f4cffdc865e32afe109046f77a4668e5b78d544a7fb6e400b,True
grid_200m,40,45,7,realization_grid_200m_w40_45.json,dad26682a78ac5a65c816487680d6333cf13da30e317b3bfcdef6a4817d169ba,True
grid_200m,40,46,7,realization_grid_200m_w40_46.json,c71ea073465716fcac69eb8c48bddbec7858ec24fa1a7b9c9196dc70e1797ef2,True
grid_200m,40,47,7,realization_grid_200m_w40_seed47.json,6e6b0018d12a299819ff84d3a2e15a5f218e3fa32b03a16b1cac7dce7dbce762,True
grid_200m,40,48,7,realization_grid_200m_w40_seed48.json,515ad4031e8a00fead9cfbf5e36eac7386060247ce0332a08c02664ee7786d78,True
grid_200m,40,49,7,realization_grid_200m_w40_seed49.json,f956fb6250bbe529591d38c69ffd6ad86b9f38f4cd9ea930f357749b3da757ff,True
grid_200m,40,50,7,realization_grid_200m_w40_seed50.json,dd891e52b4078e4643b953146ba2f1cc2a7514c700cc6a456c72850223102c72,True
grid_200m,40,51,7,realization_grid_200m_w40_seed51.json,19a5860d15fb30b8cfc38549484f6d95abb5b253d3768ea2c16113c10e6e422f,True
