algorithm,geometry,workload,metric,aggregation_level,n,mean,std,median,iqr,min,max,ci_95_low,ci_95_high,cv
CoTOP,corridor_2400m,w20,delay,per_task_mean,5,0.67982,0.009250783750580268,0.6773,0.0045999999999999375,0.6728,0.6958,0.668333634861736,0.6913063651382639,0.013607695787973682
CoTOP,corridor_2400m,w20,energy,per_task_mean,5,0.14442000000000002,0.005206438321924117,0.1428,0.003500000000000003,0.1389,0.1527,0.13795535297679842,0.15088464702320162,0.03605067388120839
CoTOP,corridor_2400m,w20,completion_ratio,per_task_mean,5,1.0,0.0,1.0,0.0,1.0,1.0,1.0,1.0,0.0
CoTOP,corridor_2400m,w30,delay,per_task_mean,5,0.6878,0.013006729027699487,0.688,0.011199999999999988,0.6718,0.7066,0.6716500128319136,0.7039499871680863,0.018910626675922488
CoTOP,corridor_2400m,w30,energy,per_task_mean,5,1.5889600000000002,1.3266034837132006,2.3812,2.4591,0.1377,2.6794,-0.058235785618374614,3.236155785618375,0.8348879038573661
CoTOP,corridor_2400m,w30,completion_ratio,per_task_mean,5,1.0,0.0,1.0,0.0,1.0,1.0,1.0,1.0,0.0
CoTOP,corridor_2400m,w40,delay,per_task_mean,5,0.6878,0.014778531726798848,0.6832,0.020100000000000007,0.6687,0.7038,0.6694500292085217,0.7061499707914782,0.021486670146552558
CoTOP,corridor_2400m,w40,energy,per_task_mean,5,1.29366,1.1921460703286322,1.1396,2.2641,0.1433,2.6257,-0.18658485612715503,2.773904856127155,0.9215296680183604
CoTOP,corridor_2400m,w40,completion_ratio,per_task_mean,5,1.0,0.0,1.0,0.0,1.0,1.0,1.0,1.0,0.0
CoTOP,grid_200m,w20,delay,per_task_mean,5,0.25676,0.013634808396160178,0.2619,0.017600000000000005,0.2361,0.268,0.2398301492920815,0.2736898507079185,0.053103319816794586
CoTOP,grid_200m,w20,energy,per_task_mean,5,0.1396,0.002403122968139578,0.1404,0.0030999999999999917,0.1363,0.1422,0.13661612872720452,0.14258387127279548,0.0172143479093093
CoTOP,grid_200m,w20,completion_ratio,per_task_mean,5,1.0,0.0,1.0,0.0,1.0,1.0,1.0,1.0,0.0
CoTOP,grid_200m,w30,delay,per_task_mean,5,0.28365999999999997,0.010436139132840264,0.2802,0.017199999999999993,0.2723,0.2956,0.27070182175850677,0.29661817824149317,0.036791014358176215
CoTOP,grid_200m,w30,energy,per_task_mean,5,1.65368,0.8470430785975409,2.0166,0.08270000000000022,0.141,2.0999,0.6019371043777522,2.705422895622248,0.5122170423525355
CoTOP,grid_200m,w30,completion_ratio,per_task_mean,5,1.0,0.0,1.0,0.0,1.0,1.0,1.0,1.0,0.0
CoTOP,grid_200m,w40,delay,per_task_mean,5,0.28344,0.007854489162256187,0.2816,0.013999999999999957,0.2753,0.2923,0.2736873635829449,0.2931926364170552,0.027711293967880985
CoTOP,grid_200m,w40,energy,per_task_mean,5,1.52904,0.7818879030909738,1.813,0.17090000000000005,0.1392,1.9827,0.5581979401009042,2.499882059899096,0.5113586976736866
CoTOP,grid_200m,w40,completion_ratio,per_task_mean,5,1.0,0.0,1.0,0.0,1.0,1.0,1.0,1.0,0.0
DDQN,corridor_2400m,w20,delay,per_task_mean,10,1.2948617790887198,0.6479028635865867,1.2761483585290516,1.2302613355559489,0.6728,1.9541279953799189,0.8313799912238855,1.758343566953554,0.5003644976242629
DDQN,corridor_2400m,w20,energy,per_task_mean,10,0.2978634970990736,0.12441253918743839,0.2989099082230156,0.18720093252776956,0.1456,0.4833303049093196,0.2088641280019936,0.3868628661961536,0.41768306757661217
DDQN,corridor_2400m,w20,completion_ratio,per_task_mean,10,0.9904999999999999,0.011890705987824657,0.995,0.015000000000000013,0.965,1.0,0.9819939013547428,0.999006098645257,0.012004751123497888
DDQN,corridor_2400m,w30,delay,per_task_mean,5,0.675,0.009717767233269203,0.6718,0.014800000000000035,0.6644,0.687,0.6629337982835255,0.6870662017164746,0.014396692197435855
DDQN,corridor_2400m,w30,energy,per_task_mean,5,0.25172,0.12075403512926597,0.2368,0.19010000000000002,0.1377,0.4144,0.10178406194215783,0.40165593805784217,0.4797156965249721
DDQN,corridor_2400m,w30,completion_ratio,per_task_mean,5,1.0,0.0,1.0,0.0,1.0,1.0,1.0,1.0,0.0
DDQN,corridor_2400m,w40,delay,per_task_mean,5,0.6772,0.005930008431697224,0.6799,0.008500000000000063,0.6694,0.6832,0.6698369220213168,0.6845630779786832,0.008756657459682847
DDQN,corridor_2400m,w40,energy,per_task_mean,5,0.19125999999999999,0.0489199652493744,0.2027,0.08209999999999998,0.1378,0.2471,0.13051784035647257,0.2520021596435274,0.25577729399442856
DDQN,corridor_2400m,w40,completion_ratio,per_task_mean,5,1.0,0.0,1.0,0.0,1.0,1.0,1.0,1.0,0.0
DDQN,grid_200m,w20,delay,per_task_mean,5,0.25676,0.013634808396160178,0.2619,0.017600000000000005,0.2361,0.268,0.2398301492920815,0.2736898507079185,0.053103319816794586
DDQN,grid_200m,w20,energy,per_task_mean,5,0.1396,0.002403122968139578,0.1404,0.0030999999999999917,0.1363,0.1422,0.13661612872720452,0.14258387127279548,0.0172143479093093
DDQN,grid_200m,w20,completion_ratio,per_task_mean,5,1.0,0.0,1.0,0.0,1.0,1.0,1.0,1.0,0.0
DDQN,grid_200m,w30,delay,per_task_mean,5,0.26954,0.01000714744570099,0.2754,0.013800000000000034,0.2553,0.2778,0.25711448529195635,0.28196551470804365,0.037126762060180264
DDQN,grid_200m,w30,energy,per_task_mean,5,0.13966,0.0009476286192385648,0.1392,0.0012999999999999956,0.1388,0.141,0.13848336365982394,0.14083663634017607,0.006785254326496955
DDQN,grid_200m,w30,completion_ratio,per_task_mean,5,1.0,0.0,1.0,0.0,1.0,1.0,1.0,1.0,0.0
DDQN,grid_200m,w40,delay,per_task_mean,5,0.2705,0.007147377141301543,0.2742,0.008899999999999963,0.2599,0.2767,0.26162535912206136,0.2793746408779387,0.026422836012205332
DDQN,grid_200m,w40,energy,per_task_mean,5,0.13921999999999998,0.0014024977718342377,0.1389,0.0008999999999999841,0.1381,0.1416,0.13747856900915242,0.14096143099084754,0.010073967618404237
DDQN,grid_200m,w40,completion_ratio,per_task_mean,5,1.0,0.0,1.0,0.0,1.0,1.0,1.0,1.0,0.0
