episode,seed,geometry,reward,moving_avg_reward,actor_loss,critic_loss,entropy,total_loss,steps,cum_opt_steps,ep_wall_time_sec
1,3,corridor_2400m,-4559.488751240125,-4559.488751240125,-0.00011749580153264105,1207650.125,-0.0,603825.0625,600,1,3.6396
2,3,corridor_2400m,-3666.3164690601575,-4112.902610150141,-6.347295857267454e-05,410653.8125,-0.0,205326.90625,600,2,3.0854
3,3,corridor_2400m,-3600.8532784255917,-3942.219499575291,-2.536549072829075e-05,149046.8125,-0.0,74523.40625,600,3,3.0149
4,3,corridor_2400m,-3896.9433236099617,-3930.900455583959,1.6500075616932008e-06,134209.984375,-0.0,67104.9921875,600,4,3.0137
5,3,corridor_2400m,-3950.595247778613,-3934.8394140228897,2.6543844796833582e-05,217897.75,-0.0,108948.875,600,5,3.0246
6,3,corridor_2400m,-3687.53027451643,-3893.6212241051467,4.4684013118967414e-05,336069.53125,-0.0,168034.765625,600,6,3.0988
7,3,corridor_2400m,-4047.571066688301,-3915.614058759883,3.7911420804448426e-05,330099.84375,-0.0,165049.921875,600,7,3.0294
8,3,corridor_2400m,-4107.030470249131,-3939.541110196039,3.2012947485782206e-05,253943.390625,-0.0,126971.6953125,600,8,3.0913
9,3,corridor_2400m,-4156.366448170832,-3963.6328144154604,2.2508564143208787e-05,186034.953125,-0.0,93017.4765625,600,9,3.0671
10,3,corridor_2400m,-3875.065635584946,-3954.7760965324096,1.6030158803914674e-05,137545.34375,-0.0,68772.671875,600,10,3.0492
11,3,corridor_2400m,-3524.60958596418,-3915.670050117116,1.1856695891765412e-05,109369.3828125,-0.0,54684.69140625,600,11,3.2021
12,3,corridor_2400m,-4689.782743565261,-3980.1794412377944,-1.6015066648833454e-05,142276.796875,-0.0,71138.3984375,600,12,3.0538
13,3,corridor_2400m,-4412.071164559053,-4013.4018814932756,-2.155005859094672e-05,136087.5,-0.0,68043.75,600,13,3.0839
14,3,corridor_2400m,-3595.9091292623743,-3983.58097061964,-1.3198369742895011e-05,79156.1015625,-0.0,39578.05078125,600,14,3.0663
15,3,corridor_2400m,-3951.6840892456585,-3981.4545118613746,-2.3548605895484798e-05,123880.6640625,-0.0,61940.33203125,600,15,3.0921
16,3,corridor_2400m,-3887.231928956132,-3975.5656004297966,-2.301852327946108e-05,118356.7734375,-0.0,59178.38671875,600,16,3.0961
17,3,corridor_2400m,-3700.3841436552484,-3959.378455913647,-2.053351818176452e-05,120646.53125,-0.0,60323.265625,600,17,3.0916
18,3,corridor_2400m,-3788.3746423643715,-3949.8782440497985,-1.8455901226843707e-05,93300.9296875,-0.0,46650.46484375,600,18,3.0499
19,3,corridor_2400m,-4184.4994067185635,-3962.226726295523,-2.6162822905462235e-05,151629.765625,-0.0,75814.8828125,600,19,3.0301
20,3,corridor_2400m,-3576.942798397597,-3942.9625299006266,-8.27780877443729e-06,80927.71875,-0.0,40463.859375,600,20,3.0955
21,3,corridor_2400m,-4168.498891915019,-3953.7023566632165,-1.6307702026097104e-05,133709.140625,-0.0,66854.5703125,600,21,3.2
22,3,corridor_2400m,-4269.768915181858,-3968.069018414064,-1.0931928045465611e-05,96075.734375,-0.0,48037.8671875,600,22,3.1766
23,3,corridor_2400m,-4227.130082654091,-3979.3325429462393,-4.087404704478104e-06,86105.609375,-0.0,43052.8046875,600,23,3.2054
24,3,corridor_2400m,-3804.4499801802153,-3972.0457694976544,5.641187271976378e-06,67067.8828125,-0.0,33533.94140625,600,24,3.266
25,3,corridor_2400m,-4014.266598510587,-3973.7346026581718,8.550228812964633e-06,90246.4140625,-0.0,45123.20703125,600,25,4.0
26,3,corridor_2400m,-4636.129290937282,-3999.211321438138,-1.8957111933559645e-06,129801.1171875,-0.0,64900.55859375,600,26,4.0439
27,3,corridor_2400m,-4067.7221724878423,-4001.7487603659047,1.2491036613937467e-05,110930.1953125,-0.0,55465.09765625,600,27,5.3909
28,3,corridor_2400m,-3713.937065324285,-3991.469771257275,2.2909352992428467e-05,125858.6171875,-0.0,62929.30859375,600,28,4.4098
29,3,corridor_2400m,-4915.565114164896,-4023.335127909262,-2.8232830118213315e-06,157864.78125,-0.0,78932.390625,600,29,4.1729
30,3,corridor_2400m,-3697.6629465677547,-4012.479388531212,1.826170046115294e-05,86242.921875,-0.0,43121.4609375,600,30,3.4209
31,3,corridor_2400m,-3876.466524946442,-3989.7119809880896,1.5907662600511685e-05,99873.9609375,-0.0,49936.98046875,600,31,3.3232
32,3,corridor_2400m,-2995.6943744666455,-3967.357911168306,2.135379872925114e-05,80788.5234375,-0.0,40394.26171875,600,32,4.1917
33,3,corridor_2400m,-4183.8105622584435,-3986.7898206294003,-1.4903124565535109e-06,80156.859375,-0.0,40078.4296875,600,33,4.4949
34,3,corridor_2400m,-3493.3498444014813,-3973.336704655785,6.397960532922298e-06,56894.33203125,-0.0,28447.166015625,600,34,3.7606
35,3,corridor_2400m,-4142.917670023987,-3979.747452063964,-1.074416286428459e-05,96132.8046875,-0.0,48066.40234375,600,35,3.3068
36,3,corridor_2400m,-4905.224541267188,-4020.3372609556563,-2.875280915759504e-05,161281.328125,-0.0,80640.6640625,600,36,3.4661
37,3,corridor_2400m,-3725.498916413527,-4009.601522613164,-7.601278866786743e-06,88486.734375,-0.0,44243.3671875,600,37,3.2341
38,3,corridor_2400m,-4161.154826049474,-4011.4056678065085,-1.2972474905836862e-05,78467.5234375,-0.0,39233.76171875,600,38,3.2478
39,3,corridor_2400m,-4693.2345560594795,-4029.301271402797,-2.0867266357527114e-05,125833.7890625,-0.0,62916.89453125,600,39,3.2556
40,3,corridor_2400m,-3939.5450577634892,-4031.450585475415,-6.286526058829622e-06,64376.16796875,-0.0,32188.083984375,600,40,3.3919
41,3,corridor_2400m,-4048.4682273144836,-4048.9125401870915,-7.706469659751747e-06,69622.515625,-0.0,34811.2578125,600,41,3.3073
42,3,corridor_2400m,-4051.06029123496,-4027.6217917760814,-1.7247909909201553e-06,72731.5390625,-0.0,36365.76953125,600,42,3.3194
43,3,corridor_2400m,-3464.5490117094855,-3996.037720014429,1.3248849427327514e-05,70792.7578125,-0.0,35396.37890625,600,43,3.1799
44,3,corridor_2400m,-3648.5837431485475,-3997.7935404773016,7.976515917107463e-06,67398.015625,-0.0,33699.0078125,600,44,3.2168
45,3,corridor_2400m,-4179.323822871965,-4005.381531598178,1.4439683582168072e-06,79127.296875,-0.0,39563.6484375,600,45,3.1843
46,3,corridor_2400m,-3771.4556201138403,-4001.522321303435,8.543880539946258e-06,69471.375,-0.0,34735.6875,600,46,3.1573
47,3,corridor_2400m,-4545.570966952428,-4029.69521541334,-4.841027475777082e-06,84536.71875,-0.0,42268.359375,600,47,3.155
48,3,corridor_2400m,-3591.238453703993,-4023.124009124661,8.783364137343597e-06,68197.0703125,-0.0,34098.53515625,600,48,3.1833
49,3,corridor_2400m,-3585.393336838867,-4003.153806795338,1.2398637409205548e-05,57924.234375,-0.0,28962.1171875,600,49,3.2964
50,3,corridor_2400m,-4528.147296735943,-4034.8606234066165,-8.35639912111219e-06,103517.8046875,-0.0,51758.90234375,600,50,3.3286
51,3,corridor_2400m,-3939.0889542266486,-4027.213625483671,9.784857866179664e-07,64947.9921875,-0.0,32473.99609375,600,51,3.5027
52,3,corridor_2400m,-3874.2833903149326,-4014.030774654773,-1.9409046672080876e-06,50297.03125,-0.0,25148.515625,600,52,3.407
53,3,corridor_2400m,-3852.3469135784394,-4001.538002352252,-7.313434480238357e-07,53605.3046875,-0.0,26802.65234375,600,53,3.248
54,3,corridor_2400m,-3460.6806700196726,-3990.0790253469004,4.6043996917433105e-06,39309.796875,-0.0,19654.8984375,600,54,3.1665
55,3,corridor_2400m,-4484.882543620467,-4005.7662235172297,-1.4128169823379721e-05,94267.296875,-0.0,47133.6484375,600,55,3.1848
56,3,corridor_2400m,-4769.642179587315,-4010.216653138898,-1.84178843483096e-05,149230.078125,-0.0,74615.0390625,600,56,3.5352
57,3,corridor_2400m,-3669.204699777191,-3996.932737381876,3.36809307555086e-06,58964.07421875,-0.0,29482.037109375,600,57,3.2086
58,3,corridor_2400m,-3973.314746446798,-4005.5786600859597,-3.1911390578898136e-06,67938.296875,-0.0,33969.1484375,600,58,3.1404
59,3,corridor_2400m,-4149.118246624292,-3980.0304311679397,-3.7524487197515555e-06,64802.52734375,-0.0,32401.263671875,600,59,3.1707
60,3,corridor_2400m,-3571.3021031702124,-3975.818403054688,1.1571441064006649e-05,68200.1953125,-0.0,34100.09765625,600,60,3.3465
61,3,corridor_2400m,-4608.051284223781,-4000.204561697266,-1.43288916660822e-05,103917.7890625,-0.0,51958.89453125,600,61,3.2506
62,3,corridor_2400m,-4261.312774823219,-4042.3918417091522,-4.3708737393899355e-06,92904.1796875,-0.0,46452.08984375,600,62,3.1494
63,3,corridor_2400m,-3925.4920143947147,-4033.781223447027,9.335471986560151e-06,77717.7421875,-0.0,38858.87109375,600,63,3.2092
64,3,corridor_2400m,-3878.1345389055577,-4046.6073799304963,6.3100128500082064e-06,64952.3671875,-0.0,32476.18359375,600,64,3.2541
65,3,corridor_2400m,-3849.238755655057,-4036.818082784865,6.929560640855925e-06,69546.15625,-0.0,34773.078125,600,65,3.121
66,3,corridor_2400m,-3402.165242530351,-3986.716106160304,1.583329685672652e-05,78718.46875,-0.0,39359.234375,600,66,3.1061
67,3,corridor_2400m,-3855.958131001534,-3991.064746646571,3.026384320037323e-06,56171.78125,-0.0,28085.890625,600,67,3.0968
68,3,corridor_2400m,-3407.085759045151,-3965.92911107976,1.0859620488190558e-05,39712.6796875,-0.0,19856.33984375,600,68,3.0927
69,3,corridor_2400m,-3582.5779325619865,-3928.907223629844,5.735050194743962e-07,56236.59375,-0.0,28118.296875,600,69,3.137
70,3,corridor_2400m,-3382.0413829353747,-3910.3237678022397,3.3396042908862e-06,54725.36328125,-0.0,27362.681640625,600,70,3.1046
71,3,corridor_2400m,-4016.425608324688,-3909.25568050258,-1.2122944099246524e-05,101450.8828125,-0.0,50725.44140625,600,71,3.1071
72,3,corridor_2400m,-4415.207993971408,-3921.3939372604614,-1.792540388123598e-05,109552.015625,-0.0,54776.0078125,600,72,3.107
73,3,corridor_2400m,-3696.1320593575974,-3929.1133721820656,-1.0016873602580745e-05,66425.8203125,-0.0,33212.91015625,600,73,3.092
74,3,corridor_2400m,-3850.8305241803273,-3935.8549315497917,-7.806448593328241e-06,66860.765625,-0.0,33430.3828125,600,74,3.1001
75,3,corridor_2400m,-4067.4970146776136,-3932.1273712766465,-9.346667866338976e-06,69501.71875,-0.0,34750.859375,600,75,3.1255
76,3,corridor_2400m,-4422.326422767879,-3953.8230646984475,-1.1093664397776593e-05,93661.28125,-0.0,46830.640625,600,76,3.0885
77,3,corridor_2400m,-3957.711372354631,-3934.2277448785217,-2.616152642076486e-06,70460.0234375,-0.0,35230.01171875,600,77,3.4709
78,3,corridor_2400m,-3963.7691972261628,-3946.6454363292605,9.861549870038289e-07,74740.171875,-0.0,37370.0859375,600,78,4.1048
79,3,corridor_2400m,-4052.1419801725815,-3962.2037244403846,6.6368024818075355e-06,58456.59375,-0.0,29228.296875,600,79,3.1769
80,3,corridor_2400m,-3502.4854386341353,-3928.0149958369907,1.6166091882041655e-05,62184.546875,-0.0,31092.2734375,600,80,3.2106
81,3,corridor_2400m,-3650.32127023091,-3918.389406370466,1.1310122317809146e-05,57933.5546875,-0.0,28966.77734375,600,81,3.2322
82,3,corridor_2400m,-4432.563667412117,-3936.9987489403725,-2.78751667792676e-06,76602.671875,-0.0,38301.3359375,600,82,3.2501
83,3,corridor_2400m,-4498.144385722312,-3958.525331345168,-8.123601219267584e-06,89781.3359375,-0.0,44890.66796875,600,83,3.1286
84,3,corridor_2400m,-3452.4730086490654,-3958.251742632814,1.15096518129576e-05,61925.34765625,-0.0,30962.673828125,600,84,3.093
85,3,corridor_2400m,-3899.0779178769694,-3938.724921774697,2.5108793124672957e-06,60705.421875,-0.0,30352.7109375,600,85,3.1069
86,3,corridor_2400m,-3661.6640548288847,-3901.7923176160834,4.8276242523570545e-06,57755.78125,-0.0,28877.890625,600,86,3.1821
87,3,corridor_2400m,-3883.1495574532983,-3908.923812871954,-3.021341683506762e-07,61443.0078125,-0.0,30721.50390625,600,87,3.1432
88,3,corridor_2400m,-4537.394394742726,-3927.726467815151,-1.3825367204844952e-05,106795.890625,-0.0,53397.9453125,600,88,3.1728
89,3,corridor_2400m,-4152.777435648489,-3927.848440782625,-7.878485121182166e-06,103610.6875,-0.0,51805.34375,600,89,3.1329
90,3,corridor_2400m,-3604.3904676648576,-3928.9513862657795,-6.542931032527122e-07,50784.32421875,-0.0,25392.162109375,600,90,3.1207
91,3,corridor_2400m,-4840.87138919527,-3936.712056431496,-1.816211261029821e-05,121552.015625,-0.0,60776.0078125,600,91,3.0839
92,3,corridor_2400m,-4634.197312254161,-3949.141541012527,-1.5225195056700613e-05,125997.453125,-0.0,62998.7265625,600,92,3.1009
93,3,corridor_2400m,-4195.644459608332,-3958.1466225196477,8.10021276720363e-07,65923.671875,-0.0,32961.8359375,600,93,3.0769
94,3,corridor_2400m,-3078.890317386848,-3931.505148469024,2.3392894945573062e-05,69693.15625,-0.0,34846.578125,600,94,3.0992
95,3,corridor_2400m,-3786.5758876368827,-3929.4163862017513,1.1685824574669823e-05,56256.30078125,-0.0,28128.150390625,600,95,3.0552
96,3,corridor_2400m,-3503.2962098299286,-3932.78741844507,1.2665466783801094e-05,53052.94921875,-0.0,26526.474609375,600,96,3.093
97,3,corridor_2400m,-3719.1891272949565,-3928.228451654852,9.30619989958359e-06,57121.421875,-0.0,28560.7109375,600,97,3.1002
98,3,corridor_2400m,-4266.896513177242,-3956.8888101259213,-3.828075023193378e-06,60972.828125,-0.0,30486.4140625,600,98,3.0661
99,3,corridor_2400m,-3600.249108281368,-3957.477849316567,4.166219696344342e-06,54043.80859375,-0.0,27021.904296875,600,99,3.1098
100,3,corridor_2400m,-4192.063322755995,-3984.4785806439204,-9.249579306924716e-06,102719.1171875,-0.0,51359.55859375,600,100,3.0797
101,3,corridor_2400m,-3471.0274644316614,-3966.298642514154,-2.6557600563137385e-07,45016.71484375,-0.0,22508.357421875,600,101,3.2297
102,3,corridor_2400m,-4197.249057378617,-3959.0333446277273,-1.1872144568769727e-05,66796.296875,-0.0,33398.1484375,600,102,3.0954
103,3,corridor_2400m,-4029.2435319276015,-3970.1370603800606,-1.0662464774213731e-05,70499.609375,-0.0,35249.8046875,600,103,3.0811
104,3,corridor_2400m,-3688.551476171778,-3964.7277587797753,-2.1843763988727005e-06,47155.953125,-0.0,23577.9765625,600,104,3.1133
105,3,corridor_2400m,-3416.555356798421,-3943.0297035171357,3.7893521493970184e-06,35170.953125,-0.0,17585.4765625,600,105,3.1091
106,3,corridor_2400m,-4253.939691060113,-3937.4168124602097,-7.823949090379756e-06,66162.25,-0.0,33081.125,600,106,3.6112
107,3,corridor_2400m,-4292.033700471085,-3948.5608900640923,-8.497514500049874e-06,86535.6171875,-0.0,43267.80859375,600,107,3.1528
108,3,corridor_2400m,-4040.038959743669,-3951.1032154813424,2.4080836169559916e-07,61787.265625,-0.0,30893.6328125,600,108,3.1201
109,3,corridor_2400m,-3520.2611076273524,-3933.3738530631676,1.2177892131148838e-05,62933.375,-0.0,31466.6875,600,109,3.1997
110,3,corridor_2400m,-3395.1203327623543,-3929.795016200775,1.2156165212218184e-05,55814.92578125,-0.0,27907.462890625,600,110,3.1909
111,3,corridor_2400m,-3401.408980419808,-3921.4979398737387,1.0608676348056179e-05,52661.8203125,-0.0,26330.91015625,600,111,3.2919
112,3,corridor_2400m,-3910.7941014370795,-3904.105621007904,3.549765210664191e-07,66838.1953125,-0.0,33419.09765625,600,112,3.2041
113,3,corridor_2400m,-3684.6578108263116,-3876.989401844703,4.851369226344104e-07,46788.78515625,-0.0,23394.392578125,600,113,3.1315
114,3,corridor_2400m,-3538.690138365284,-3879.8633061685773,1.4201752946974011e-06,43057.0859375,-0.0,21528.54296875,600,114,3.1621
115,3,corridor_2400m,-3867.1268650362604,-3878.7982710738875,-5.5301770771620795e-06,66099.84375,-0.0,33049.921875,600,115,3.1345
116,3,corridor_2400m,-4534.943312096648,-3907.9075796494794,-1.8225151507067494e-05,105724.625,-0.0,52862.3125,600,116,3.1033
117,3,corridor_2400m,-3763.11222867728,-3903.9063353569454,-7.945696779643185e-06,59938.74609375,-0.0,29969.373046875,600,117,3.1886
118,3,corridor_2400m,-4719.4449804101005,-3909.974688212525,-1.8425453163217753e-05,107942.140625,-0.0,53971.0703125,600,118,3.2321
119,3,corridor_2400m,-4186.041003147966,-3911.083473795841,-7.5763023232866544e-06,72942.6640625,-0.0,36471.33203125,600,119,3.1157
120,3,corridor_2400m,-3440.82604521846,-3905.6313263809616,8.979556696431246e-06,43838.81640625,-0.0,21919.408203125,600,120,2.9917
121,3,corridor_2400m,-3937.4075047053166,-3875.51586356463,4.314637408242561e-06,53362.38671875,-0.0,26681.193359375,600,121,3.0037
122,3,corridor_2400m,-3660.7821320055664,-3843.0686908896764,1.3270127055875491e-05,70371.421875,-0.0,35185.7109375,600,122,3.2843
123,3,corridor_2400m,-3864.2805591060082,-3832.023227539599,5.0436392484698445e-06,68482.1171875,-0.0,34241.05859375,600,123,3.0808
124,3,corridor_2400m,-4140.677772170176,-3867.4161426990436,2.7921569198952056e-06,84832.9140625,-0.0,42416.45703125,600,124,3.1773
125,3,corridor_2400m,-3558.8098197899917,-3859.823940437481,9.919729563989677e-06,61006.0390625,-0.0,30503.01953125,600,125,3.1421
126,3,corridor_2400m,-3884.2942540948616,-3872.523875246311,1.943305051099742e-06,76595.34375,-0.0,38297.671875,600,126,3.1344
127,3,corridor_2400m,-4284.193172037873,-3891.3573434044083,-5.812104063807055e-06,88231.3359375,-0.0,44115.66796875,600,127,3.1393
128,3,corridor_2400m,-3996.0251845491175,-3882.328299116804,-3.056514287891332e-06,68339.5234375,-0.0,34169.76171875,600,128,3.1278
129,3,corridor_2400m,-4077.9684442427842,-3898.252276982185,-5.893507022847189e-06,70477.171875,-0.0,35238.5859375,600,129,3.1106
130,3,corridor_2400m,-3259.1150705240325,-3867.154001907786,6.30674685453414e-06,47635.33984375,-0.0,23817.669921875,600,130,3.1247
131,3,corridor_2400m,-4154.377293681192,-3889.932329549437,-7.931259460747242e-06,72768.2890625,-0.0,36384.14453125,600,131,3.1408
132,3,corridor_2400m,-4155.285037635991,-3888.533528891349,-6.375758403009968e-06,68396.609375,-0.0,34198.3046875,600,132,3.4227
133,3,corridor_2400m,-3872.6725398215117,-3883.314495821146,-3.6389271826919867e-06,80395.0703125,-0.0,40197.53515625,600,133,3.1594
134,3,corridor_2400m,-3873.9344314677837,-3889.4939276643463,-1.3077340099698631e-06,56403.6875,-0.0,28201.84375,600,134,3.9014
135,3,corridor_2400m,-3477.096677091082,-3891.511971674102,6.662131454504561e-06,60962.30859375,-0.0,30481.154296875,600,135,3.7129
136,3,corridor_2400m,-3862.139324400854,-3878.4519594521266,2.5737501800904283e-06,61670.6328125,-0.0,30835.31640625,600,136,4.0807
137,3,corridor_2400m,-3594.942454683737,-3855.2155845925477,7.730393917881884e-06,43637.25,-0.0,21818.625,600,137,3.9767
138,3,corridor_2400m,-3602.388507754851,-3840.627236192921,3.981996087532025e-06,50266.41015625,-0.0,25133.205078125,600,138,4.3239
139,3,corridor_2400m,-3804.5062066277046,-3850.1020728262665,-5.925368213866022e-07,51357.96875,-0.0,25678.984375,600,139,4.4618
140,3,corridor_2400m,-4261.532593160275,-3878.9824815061966,-1.0275583917973563e-05,76821.1953125,-0.0,38410.59765625,600,140,4.8256
141,3,corridor_2400m,-3855.42687290093,-3894.116411255568,-5.4951706260908395e-06,64886.79296875,-0.0,32443.396484375,600,141,4.7336
142,3,corridor_2400m,-4146.588036078053,-3901.976209076934,-8.714750038052443e-06,74553.8125,-0.0,37276.90625,600,142,4.5647
143,3,corridor_2400m,-4097.68031479327,-3915.743625875832,-4.1086173041549046e-06,56943.39453125,-0.0,28471.697265625,600,143,4.6012
144,3,corridor_2400m,-3652.1946279790404,-3919.5271088629574,5.729303211410297e-06,54825.97265625,-0.0,27412.986328125,600,144,4.5671
145,3,corridor_2400m,-4060.380079667255,-3925.968882683991,-1.815634732338367e-06,69970.6171875,-0.0,34985.30859375,600,145,4.7249
146,3,corridor_2400m,-3434.4460473030535,-3889.285640524204,9.170947123493534e-06,45951.2578125,-0.0,22975.62890625,600,146,4.9178
147,3,corridor_2400m,-3995.1025274840017,-3897.0186504844287,-2.1572916466539027e-06,79886.84375,-0.0,39943.421875,600,147,4.2278
148,3,corridor_2400m,-3512.5929234829305,-3856.7902485868553,9.428264093003236e-06,54122.890625,-0.0,27061.4453125,600,148,4.3416
149,3,corridor_2400m,-3618.2394922717135,-3837.863531557647,2.9805082704115193e-06,52210.0078125,-0.0,26105.00390625,600,149,4.9402
150,3,corridor_2400m,-3932.9377210777066,-3854.267254086288,-1.8841089968191227e-06,58814.8515625,-0.0,29407.42578125,600,150,4.5393
151,3,corridor_2400m,-4323.553276204338,-3867.1387798029227,-1.0504840247449465e-05,70284.546875,-0.0,35142.2734375,600,151,4.4512
152,3,corridor_2400m,-4094.2281385082792,-3881.5869800196797,-7.941278454381973e-06,76365.8046875,-0.0,38182.90234375,600,152,4.2109
153,3,corridor_2400m,-3961.03972987325,-3884.812285711921,-1.2985514104002505e-06,68860.4375,-0.0,34430.21875,600,153,4.2122
154,3,corridor_2400m,-3846.2585149413,-3874.998310470959,-1.398677341057919e-06,59610.55859375,-0.0,29805.279296875,600,154,4.8014
155,3,corridor_2400m,-3984.9603133861415,-3889.2033269241642,-4.471701686270535e-06,66393.5625,-0.0,33196.78125,600,155,4.283
156,3,corridor_2400m,-3994.1861650330943,-3892.8663906221054,8.870670740179776e-07,60008.0546875,-0.0,30004.02734375,600,156,3.8546
157,3,corridor_2400m,-3968.1480171302155,-3882.3315521251834,-1.2665692565860809e-06,53519.125,-0.0,26759.5625,600,157,4.0786
158,3,corridor_2400m,-4257.737292868292,-3891.0552890691556,-4.200285729893949e-06,59131.09375,-0.0,29565.546875,600,158,4.2875
159,3,corridor_2400m,-4242.743051380784,-3896.5477759737555,-2.801366235871683e-06,65486.828125,-0.0,32743.4140625,600,159,4.598
160,3,corridor_2400m,-3707.8947530259675,-3911.5070987238196,7.5413277045299765e-06,66220.5703125,-0.0,33110.28515625,600,160,4.8482
161,3,corridor_2400m,-4346.388231222805,-3917.90746330854,-2.6466316285223e-06,83282.3046875,-0.0,41641.15234375,600,161,5.257
162,3,corridor_2400m,-3832.071480739793,-3907.1336780786664,7.028287200228078e-06,78423.0234375,-0.0,39211.51171875,600,162,4.1403
163,3,corridor_2400m,-3861.565253747637,-3906.763435209537,4.3076461224700324e-06,71179.25,-0.0,35589.625,600,163,3.8414
164,3,corridor_2400m,-4266.1437312900225,-3919.8370785369457,-2.218194595116074e-06,60059.6796875,-0.0,30029.83984375,600,164,3.2803
165,3,corridor_2400m,-4308.89952536637,-3947.563840146123,-8.040247848839499e-06,88449.40625,-0.0,44224.703125,600,165,3.2989
166,3,corridor_2400m,-3548.216442782386,-3937.0997440921733,4.988320142729208e-06,59252.76171875,-0.0,29626.380859375,600,166,3.1963
167,3,corridor_2400m,-3929.044853766031,-3948.2364907282495,-2.6976317712978926e-06,58674.4609375,-0.0,29337.23046875,600,167,3.1797
168,3,corridor_2400m,-4399.67808069899,-3974.8128098263874,-9.75689272308955e-06,89910.78125,-0.0,44955.390625,600,168,3.2925
169,3,corridor_2400m,-4268.508910344652,-3990.2795666169523,-4.7635512601118535e-06,66968.2109375,-0.0,33484.10546875,600,169,3.3001
170,3,corridor_2400m,-3776.2257169174763,-3974.102670742192,3.5866016787622357e-06,66370.2734375,-0.0,33185.13671875,600,170,4.6078
171,3,corridor_2400m,-4221.427402975492,-3986.3026884113438,-2.8380623007251415e-06,68726.4140625,-0.0,34363.20703125,600,171,4.026
172,3,corridor_2400m,-4969.309478272885,-4013.726736484505,-1.5928950233501382e-05,129923.984375,-0.0,64961.9921875,600,172,3.5398
173,3,corridor_2400m,-3545.0400456209313,-3995.3053941787603,1.3365005543164443e-05,56017.90625,-0.0,28008.953125,600,173,3.2759
174,3,corridor_2400m,-4561.940476396447,-4025.6302557926742,-1.5917444216029253e-06,87280.453125,-0.0,43640.2265625,600,174,3.4624
175,3,corridor_2400m,-4366.915778283664,-4035.8481124132213,2.7299984139972366e-06,67980.953125,-0.0,33990.4765625,600,175,3.5919
176,3,corridor_2400m,-3157.949296629004,-4026.63155405742,2.4724840841372497e-05,83536.8359375,-0.0,41768.41796875,600,176,3.5506
177,3,corridor_2400m,-4829.08418966865,-4054.430942796908,-8.993403753265738e-06,94715.5234375,-0.0,47357.76171875,600,177,3.6317
178,3,corridor_2400m,-4153.578371689322,-4075.7971244037876,-7.087658104865113e-07,63449.5,-0.0,31724.75,600,178,3.2584
179,3,corridor_2400m,-3772.080871293262,-4080.9251703711725,4.094252744835103e-06,50967.6875,-0.0,25483.84375,600,179,3.2676
180,3,corridor_2400m,-4156.314605585751,-4088.3710665214408,-5.65049413125962e-06,79366.3828125,-0.0,39683.19140625,600,180,3.3892
181,3,corridor_2400m,-3815.2830270716854,-4071.4287248836854,1.229294639415457e-06,73377.7265625,-0.0,36688.86328125,600,181,3.2454
182,3,corridor_2400m,-3690.994936813578,-4057.9876181605287,2.7023538677894976e-06,42221.15625,-0.0,21110.578125,600,182,3.5443
183,3,corridor_2400m,-3940.3619606528164,-4057.2983591865145,-2.6175555376539705e-06,56682.265625,-0.0,28341.1328125,600,183,3.2215
184,3,corridor_2400m,-4037.5414219786626,-4063.6744560877605,-7.606557119288482e-06,73590.9765625,-0.0,36795.48828125,600,184,3.3245
185,3,corridor_2400m,-4467.770135122852,-4079.7681168123167,-1.1733409337466583e-05,82605.4296875,-0.0,41302.71484375,600,185,3.2586
186,3,corridor_2400m,-3682.2045290718647,-4069.368728946943,2.7929991119890474e-06,49282.8203125,-0.0,24641.41015625,600,186,3.2894
187,3,corridor_2400m,-4870.430334210587,-4099.444806182955,-1.7226928321179003e-05,111155.890625,-0.0,55577.9453125,600,187,3.3993
188,3,corridor_2400m,-3292.5937501596018,-4067.2733547593325,1.3506015420716722e-05,50809.18359375,-0.0,25404.591796875,600,188,3.4452
189,3,corridor_2400m,-4074.396813809243,-4061.661813506948,2.2049282506486634e-06,52062.96484375,-0.0,26031.482421875,600,189,3.2606
190,3,corridor_2400m,-3478.6561815820587,-4054.020527792151,1.5593348507536575e-05,53759.7265625,-0.0,26879.86328125,600,190,3.4164
191,3,corridor_2400m,-3819.2215304338447,-4036.448304432519,6.1290011217352e-06,65701.0703125,-0.0,32850.53515625,600,191,3.4382
192,3,corridor_2400m,-3533.966600067387,-4026.511475076772,7.74975251260912e-06,67201.53125,-0.0,33600.765625,600,192,3.3049
193,3,corridor_2400m,-4003.5286955520846,-4031.243589803587,-6.336184469546424e-06,59951.6875,-0.0,29975.84375,600,193,3.3282
194,3,corridor_2400m,-4174.035389775431,-4028.1733117531007,-7.030084361758782e-06,68415.4921875,-0.0,34207.74609375,600,194,3.2931
195,3,corridor_2400m,-3034.7263071105335,-3985.700871144573,8.312680620292667e-06,28367.267578125,-0.0,14183.6337890625,600,195,3.2197
196,3,corridor_2400m,-4145.804549712862,-4005.6204747089214,-1.1352123692631721e-05,75387.9296875,-0.0,37693.96484375,600,196,3.2668
197,3,corridor_2400m,-3556.4884049800494,-3993.201926416055,-3.7207214518275578e-06,52711.6875,-0.0,26355.84375,600,197,3.2519
198,3,corridor_2400m,-4376.921942120685,-3992.443388463445,-1.76907724380726e-05,98082.046875,-0.0,49041.0234375,600,198,3.2376
199,3,corridor_2400m,-3210.417485154309,-3957.1736742904327,5.393808805820299e-06,33196.4140625,-0.0,16598.20703125,600,199,3.2439
200,3,corridor_2400m,-4569.055078297079,-3983.6013196697536,-1.4634954823122825e-05,89569.703125,-0.0,44784.8515625,600,200,3.2342
201,3,corridor_2400m,-3564.905823812975,-3961.7172670310033,4.861346951656742e-06,49151.8515625,-0.0,24575.92578125,600,201,3.2244
202,3,corridor_2400m,-4738.835093035154,-3954.034787523079,-1.321681611443637e-05,110827.203125,-0.0,55413.6015625,600,202,3.2275
203,3,corridor_2400m,-4184.903138673088,-3975.3635572914845,9.424962854609475e-07,69775.6796875,-0.0,34887.83984375,600,203,3.2234
204,3,corridor_2400m,-4396.366174446081,-3969.844413893139,9.141897407971555e-07,76067.171875,-0.0,38033.5859375,600,204,3.2231
205,3,corridor_2400m,-4238.016742096036,-3965.547779353552,7.094674856489291e-06,108365.65625,-0.0,54182.828125,600,205,3.2146
206,3,corridor_2400m,-3964.2420579846635,-3992.4242047320736,1.2567214980663266e-05,69395.6640625,-0.0,34697.83203125,600,206,3.2167
207,3,corridor_2400m,-3234.7973407031577,-3939.281309766557,2.3225222321343608e-05,71007.265625,-0.0,35503.6328125,600,207,3.2032
208,3,corridor_2400m,-4175.630684072131,-3940.016386845984,8.185880346900376e-07,62641.078125,-0.0,31320.5390625,600,208,3.1772
209,3,corridor_2400m,-3780.1058081349806,-3940.2838847407083,-1.5035843148325512e-07,51045.96875,-0.0,25522.984375,600,209,3.3137
210,3,corridor_2400m,-4361.898015622909,-3947.13666507528,-1.3988996215630323e-05,104634.4296875,-0.0,52317.21484375,600,210,3.2495
211,3,corridor_2400m,-3594.467349050437,-3939.7761424745713,-2.7787285716840415e-07,53852.98046875,-0.0,26926.490234375,600,211,3.211
212,3,corridor_2400m,-3470.1704451644882,-3932.415326086268,3.948103710627038e-07,46672.8125,-0.0,23336.40625,600,212,3.2207
213,3,corridor_2400m,-4203.465677014823,-3941.185449965002,-1.2454876014089677e-05,67303.6171875,-0.0,33651.80859375,600,213,3.2459
214,3,corridor_2400m,-4282.24094006563,-3949.3421005679015,-1.3873853276891168e-05,90405.296875,-0.0,45202.6484375,600,214,3.2021
215,3,corridor_2400m,-3973.7828460377705,-3932.8758575983984,-5.171768407308264e-06,75850.40625,-0.0,37925.203125,600,215,3.2392
216,3,corridor_2400m,-4345.380961084175,-3954.981738665475,-7.885548257036135e-06,72699.5390625,-0.0,36349.76953125,600,216,3.146
217,3,corridor_2400m,-4329.495315131125,-3936.950571362826,-2.3638317543372978e-06,77577.203125,-0.0,38788.6015625,600,217,3.1374
218,3,corridor_2400m,-4589.707096769211,-3980.1876829164803,-2.8314841529208934e-06,73682.5390625,-0.0,36841.26953125,600,218,3.1274
219,3,corridor_2400m,-3578.39092041881,-3963.6541531367984,2.0219958969391882e-05,65355.5546875,-0.0,32677.77734375,600,219,3.1038
220,3,corridor_2400m,-4379.961222951825,-3993.6976545157904,5.267983397061471e-06,73179.046875,-0.0,36589.5234375,600,220,3.1522
221,3,corridor_2400m,-4150.005461245435,-4004.7237855428443,9.66754032560857e-06,78307.0,-0.0,39153.5,600,221,3.1178
222,3,corridor_2400m,-4528.9367384483785,-4037.889456822211,-2.8282383368605224e-07,98181.25,-0.0,49090.625,600,222,3.2963
223,3,corridor_2400m,-4200.205075891173,-4044.4453361668475,3.945097887481097e-06,71157.3515625,-0.0,35578.67578125,600,223,3.9261
224,3,corridor_2400m,-3675.8451548817266,-4027.8389950037235,1.0507554179639556e-05,63968.1484375,-0.0,31984.07421875,600,224,3.5623
225,3,corridor_2400m,-3774.3508957419494,-4052.493147958104,5.356392193789361e-06,53316.27734375,-0.0,26658.138671875,600,225,3.4768
226,3,corridor_2400m,-3796.8381967211385,-4040.8609361917133,-8.229424111050321e-07,52451.24609375,-0.0,26225.623046875,600,226,4.078
227,3,corridor_2400m,-3985.1218443606685,-4055.148717504401,-7.339805051742587e-06,62985.66015625,-0.0,31492.830078125,600,227,3.1591
228,3,corridor_2400m,-4621.82953922065,-4063.312304074399,-2.1506020857486874e-05,113837.171875,-0.0,56918.5859375,600,228,3.3892
229,3,corridor_2400m,-3669.27768606453,-4078.6076441047394,-3.011619355675066e-06,64455.98828125,-0.0,32227.994140625,600,229,3.8774
230,3,corridor_2400m,-3852.1679593064673,-4054.7114068050523,-4.46020294475602e-06,47266.73828125,-0.0,23633.369140625,600,230,3.262
231,3,corridor_2400m,-3741.31725215788,-4060.591787749882,-3.8867751754878554e-06,59452.87890625,-0.0,29726.439453125,600,231,3.2461
232,3,corridor_2400m,-3798.6740933870383,-4029.2530877616123,-9.055866598828288e-07,53987.96484375,-0.0,26993.982421875,600,232,3.3611
233,3,corridor_2400m,-4395.144434523921,-4036.2611309566396,-7.312537491088733e-06,77163.4375,-0.0,38581.71875,600,233,3.4396
234,3,corridor_2400m,-4458.1963782758885,-4038.3221377509662,-5.29405815541395e-06,101290.5234375,-0.0,50645.26171875,600,234,3.2126
235,3,corridor_2400m,-4465.278389793011,-4045.897526007532,7.84900066719274e-07,82991.6640625,-0.0,41495.83203125,600,235,3.2248
236,3,corridor_2400m,-4196.136090386152,-4053.627327087582,3.598760713430238e-06,62825.8671875,-0.0,31412.93359375,600,236,3.2385
237,3,corridor_2400m,-4273.476701833572,-4088.249972458595,7.895067938079592e-06,72538.8125,-0.0,36269.40625,600,237,3.1976
238,3,corridor_2400m,-3596.257293267275,-4068.937526098434,1.6960564607870765e-05,84020.15625,-0.0,42010.078125,600,238,3.2028
239,3,corridor_2400m,-4202.352648621019,-4083.012420781302,6.173309884616174e-06,84543.8828125,-0.0,42271.94140625,600,239,3.2069
240,3,corridor_2400m,-3867.3360385592187,-4066.5270215458463,8.593524398747832e-06,54776.6171875,-0.0,27388.30859375,600,240,3.3222
241,3,corridor_2400m,-4058.278776978525,-4081.9874024767823,-2.2812560018792283e-06,74388.15625,-0.0,37194.078125,600,241,3.243
242,3,corridor_2400m,-4299.222838915316,-4109.622482268477,-7.325292244786397e-06,95068.3515625,-0.0,47534.17578125,600,242,3.1945
243,3,corridor_2400m,-3770.2616775316633,-4095.1823489523717,-1.1851392400785699e-06,53103.55859375,-0.0,26551.779296875,600,243,3.2346
244,3,corridor_2400m,-4748.581427266747,-4110.727031859075,-2.078324723697733e-05,115241.2421875,-0.0,57620.62109375,600,244,3.1146
245,3,corridor_2400m,-3564.1802431738015,-4097.07361176361,-1.66586369232391e-06,57893.1796875,-0.0,28946.58984375,600,245,3.3874
246,3,corridor_2400m,-3774.4596484494086,-4078.0429013424505,-2.5155757157335756e-06,67331.0078125,-0.0,33665.50390625,600,246,4.0831
247,3,corridor_2400m,-3586.816989952183,-4053.2869571698193,3.881869815813843e-06,51010.35546875,-0.0,25505.177734375,600,247,3.262
248,3,corridor_2400m,-4250.045681382993,-4041.9649099902795,-6.713667517033173e-06,70319.9375,-0.0,35159.96875,600,248,3.2032
249,3,corridor_2400m,-3546.551885012182,-4040.903608810059,5.7460756579530425e-06,53302.90625,-0.0,26651.453125,600,249,3.2741
250,3,corridor_2400m,-3901.9129702684913,-4024.9686670539472,4.00962335334043e-06,68915.8984375,-0.0,34457.94921875,600,250,3.4862
251,3,corridor_2400m,-4382.519317828318,-4032.7191289400434,-3.935197582904948e-06,68540.2421875,-0.0,34270.12109375,600,251,3.9057
252,3,corridor_2400m,-3572.768278148342,-4000.8468469300424,1.0242026291962247e-05,42588.35546875,-0.0,21294.177734375,600,252,3.3129
253,3,corridor_2400m,-4341.877223311372,-4005.5692518440483,-5.088314082968282e-06,73776.7109375,-0.0,36888.35546875,600,253,3.2768
254,3,corridor_2400m,-4482.3005208121685,-4032.4510973750635,-9.296532880398445e-06,91557.6796875,-0.0,45778.83984375,600,254,3.301
255,3,corridor_2400m,-3879.910856688898,-4035.9697627399614,4.7351613829960115e-06,66794.1328125,-0.0,33397.06640625,600,255,3.401
256,3,corridor_2400m,-4728.928524555209,-4067.039440334431,-9.846529792412184e-06,112572.890625,-0.0,56286.4453125,600,256,3.2355
257,3,corridor_2400m,-4154.352181399357,-4072.6804515690533,4.0698145653550455e-07,89674.796875,-0.0,44837.3984375,600,257,3.2185
258,3,corridor_2400m,-4567.007213058242,-4070.8530406969735,-5.832217539136764e-06,97535.296875,-0.0,48767.6484375,600,258,3.2126
259,3,corridor_2400m,-3820.532387806478,-4075.8948640883714,9.74867452896433e-06,76726.0703125,-0.0,38363.03515625,600,259,3.2485
260,3,corridor_2400m,-3930.620193720078,-4078.509938568826,8.3198792708572e-06,58311.06640625,-0.0,29155.533203125,600,260,3.2536
261,3,corridor_2400m,-4446.9969492473465,-4102.032595138475,-2.5309304874099325e-06,76976.609375,-0.0,38488.3046875,600,261,3.2106
262,3,corridor_2400m,-4799.451738489432,-4135.391849975221,-9.15590408112621e-06,105099.9375,-0.0,52549.96875,600,262,3.2425
263,3,corridor_2400m,-4069.298579965502,-4124.5303214899395,3.499214017210761e-06,55195.86328125,-0.0,27597.931640625,600,263,3.1999
264,3,corridor_2400m,-3522.809052092014,-4093.350743950477,1.2497177522163838e-05,49569.78515625,-0.0,24784.892578125,600,264,3.1761
265,3,corridor_2400m,-3843.977278431102,-4072.6407069050797,6.703945473418571e-06,57275.3671875,-0.0,28637.68359375,600,265,3.3284
266,3,corridor_2400m,-4327.274124598074,-4077.011974712144,-7.574727533210535e-06,91952.5625,-0.0,45976.28125,600,266,3.1611
267,3,corridor_2400m,-3804.1730178218477,-4061.3685185784198,1.8224785662823706e-06,51895.234375,-0.0,25947.6171875,600,267,3.2121
268,3,corridor_2400m,-4420.0810011717995,-4088.8293088419036,-1.1287155757599976e-05,87026.28125,-0.0,43513.140625,600,268,3.1972
269,3,corridor_2400m,-4342.805031669658,-4093.511054943526,-1.0003899660659954e-05,105595.6796875,-0.0,52797.83984375,600,269,3.7367
270,3,corridor_2400m,-4076.2768758666793,-4100.475749520441,-3.6425876714929473e-06,78245.515625,-0.0,39122.7578125,600,270,3.4476
271,3,corridor_2400m,-4403.824464253432,-4111.993939096271,-9.205694368574768e-06,100921.2109375,-0.0,50460.60546875,600,271,3.2501
272,3,corridor_2400m,-4104.336836475734,-4105.497739014952,6.901533424752415e-07,67741.1328125,-0.0,33870.56640625,600,272,3.2152
273,3,corridor_2400m,-4720.0063473109285,-4137.155894674261,-4.1092225728789344e-06,90755.7265625,-0.0,45377.86328125,600,273,3.3701
274,3,corridor_2400m,-4333.189308492229,-4123.309490715111,5.443387635750696e-06,70813.84375,-0.0,35406.921875,600,274,3.1847
275,3,corridor_2400m,-3525.5905855740616,-4122.023168795119,1.678035914665088e-05,75916.5703125,-0.0,37958.28515625,600,275,3.1395
276,3,corridor_2400m,-4352.056367219871,-4141.276392754134,3.3774642815842526e-06,83932.7890625,-0.0,41966.39453125,600,276,3.2429
277,3,corridor_2400m,-3773.151953817246,-4147.487558216303,1.0132564057130367e-05,68248.828125,-0.0,34124.4140625,600,277,3.1854
278,3,corridor_2400m,-3532.438426940871,-4123.567316401566,1.2545909157779533e-05,73208.6875,-0.0,36604.34375,600,278,3.1638
279,3,corridor_2400m,-3567.783427885767,-4124.275034497352,6.68629309075186e-06,46033.07421875,-0.0,23016.537109375,600,279,3.2654
280,3,corridor_2400m,-3690.922851570039,-4117.242030540737,9.681776873549097e-07,45768.03125,-0.0,22884.015625,600,280,3.194
281,3,corridor_2400m,-3684.132069304107,-4093.96245558993,-5.573636371991597e-06,51683.328125,-0.0,25841.6640625,600,281,3.5877
282,3,corridor_2400m,-4203.706913398376,-4114.993743431597,-1.677566069702152e-05,114941.7578125,-0.0,57470.87890625,600,282,3.5818
283,3,corridor_2400m,-4474.847196176393,-4119.426075860431,-2.1370080503402278e-05,110888.140625,-0.0,55444.0703125,600,283,3.1808
284,3,corridor_2400m,-4414.666030008505,-4117.1715928336425,-1.595664070919156e-05,118810.65625,-0.0,59405.328125,600,284,3.3525
285,3,corridor_2400m,-3982.3771692558657,-4120.587136585875,-1.672593043622328e-06,55274.9921875,-0.0,27637.49609375,600,285,3.228
286,3,corridor_2400m,-3604.4965679697025,-4083.106071366358,6.483372544607846e-06,57584.171875,-0.0,28792.0859375,600,286,3.2595
287,3,corridor_2400m,-4142.066517608172,-4082.6965492399845,-9.937257772207886e-08,74332.0,-0.0,37166.0,600,287,3.1935
288,3,corridor_2400m,-4155.260928080485,-4068.9716730740597,7.456233561242698e-06,67474.5703125,-0.0,33737.28515625,600,288,3.1711
289,3,corridor_2400m,-4438.891730805739,-4089.5836511740354,4.099138095625676e-06,77740.6171875,-0.0,38870.30859375,600,289,3.1695
290,3,corridor_2400m,-3960.561125730827,-4090.5816822410607,5.5534201237605885e-06,66720.8515625,-0.0,33360.42578125,600,290,3.1725
291,3,corridor_2400m,-4083.4306958128427,-4078.4628071265774,4.061790605192073e-06,80336.5234375,-0.0,40168.26171875,600,291,3.1812
292,3,corridor_2400m,-4214.929184352172,-4058.978721988669,-1.390831130265724e-06,71349.3046875,-0.0,35674.65234375,600,292,3.2515
293,3,corridor_2400m,-3805.5095514143245,-4050.185754370296,4.851704943575896e-06,76213.734375,-0.0,38106.8671875,600,293,3.2802
294,3,corridor_2400m,-3924.3167848818593,-4063.5693454632906,2.716406470426591e-06,55915.30078125,-0.0,27957.650390625,600,294,3.1679
295,3,corridor_2400m,-3484.1943624990517,-4051.5765815988893,5.100334874441614e-06,54595.921875,-0.0,27297.9609375,600,295,3.2127
296,3,corridor_2400m,-4409.259435139515,-4054.309425283603,-1.4107211427472066e-05,92709.984375,-0.0,46354.9921875,600,296,3.2103
297,3,corridor_2400m,-4518.096739644008,-4078.106882677675,-1.7214586478075944e-05,111218.734375,-0.0,55609.3671875,600,297,3.1988
298,3,corridor_2400m,-3851.3855518747755,-4059.150367701107,-9.98986251943279e-07,52513.03125,-0.0,26256.515625,600,298,3.2237
299,3,corridor_2400m,-4444.703866420434,-4062.5469955261333,-8.334826816280838e-06,78362.9765625,-0.0,39181.48828125,600,299,3.4828
300,3,corridor_2400m,-3278.872775505436,-4035.966858847425,1.2155630429333542e-05,44092.88671875,-0.0,22046.443359375,600,300,3.4309
301,3,corridor_2400m,-3693.4637809107458,-4012.2881694026696,6.678486897726543e-06,47826.0390625,-0.0,23913.01953125,600,301,3.2423
302,3,corridor_2400m,-4166.287112122503,-4014.3531785908954,-7.585144317090453e-07,87062.84375,-0.0,43531.421875,600,302,3.2038
303,3,corridor_2400m,-3863.7499217669283,-3985.8112977394285,3.655978616734501e-06,52164.2421875,-0.0,26082.12109375,600,303,3.454
304,3,corridor_2400m,-3580.121185381193,-3960.7090269690607,6.978914825594984e-06,55970.734375,-0.0,27985.3671875,600,304,3.3482
305,3,corridor_2400m,-4254.953726626327,-3985.021131670803,-4.802017883775989e-06,65564.359375,-0.0,32782.1796875,600,305,3.248
306,3,corridor_2400m,-4140.005987978037,-3977.952785696075,-6.590521934413118e-06,78490.5703125,-0.0,39245.28515625,600,306,3.2597
307,3,corridor_2400m,-3552.971770741805,-3970.6134462602263,4.328255272412207e-06,59664.625,-0.0,29832.3125,600,307,3.2503
308,3,corridor_2400m,-4423.057447673384,-4000.3007469513104,-1.1478835403977428e-05,84334.4921875,-0.0,42167.24609375,600,308,3.246
309,3,corridor_2400m,-3788.7127840811677,-4007.6650588244906,2.9672623895748984e-06,40442.09375,-0.0,20221.046875,600,309,3.2481
310,3,corridor_2400m,-4440.17081156487,-4032.639990824318,-1.0630276847223286e-05,89721.6171875,-0.0,44860.80859375,600,310,3.7875
311,3,corridor_2400m,-4143.388286804534,-4047.9485314076655,-2.361997530897497e-06,66133.3984375,-0.0,33066.69921875,600,311,3.9064
312,3,corridor_2400m,-3960.293328465105,-4039.8347452432236,1.3651314247908886e-06,47168.2578125,-0.0,23584.12890625,600,312,3.3324
313,3,corridor_2400m,-3981.1248121519798,-4023.37733244241,4.296005499782041e-06,61628.9453125,-0.0,30814.47265625,600,313,3.4982
314,3,corridor_2400m,-4069.1138327534736,-4011.858925867242,4.971768703398993e-06,61161.70703125,-0.0,30580.853515625,600,314,3.2775
315,3,corridor_2400m,-4399.163848296597,-4025.7518151685995,1.4451754282163165e-07,77862.0703125,-0.0,38931.03515625,600,315,3.3138
316,3,corridor_2400m,-3794.5625201306657,-4032.087346907298,7.2952047958096955e-06,52250.24609375,-0.0,26125.123046875,600,316,3.232
317,3,corridor_2400m,-3690.323964267756,-4017.029261795951,6.270754965953529e-06,64084.28515625,-0.0,32042.142578125,600,317,3.2312
318,3,corridor_2400m,-3882.499892899849,-4007.9372272899295,2.3559562123409705e-06,46882.375,-0.0,23441.1875,600,318,3.3945
319,3,corridor_2400m,-3675.184444208242,-3982.48031773668,4.238374458509497e-06,48662.31640625,-0.0,24331.158203125,600,319,3.2942
320,3,corridor_2400m,-3987.192141019978,-3983.3680182463186,-4.916948000754928e-06,60840.87890625,-0.0,30420.439453125,600,320,3.6823
321,3,corridor_2400m,-4162.664874164717,-3986.0091575247143,-9.253723874280695e-06,72847.734375,-0.0,36423.8671875,600,321,3.3471
322,3,corridor_2400m,-4162.449331808709,-3984.2598291065983,-1.0437399396323599e-05,68790.0078125,-0.0,34395.00390625,600,322,3.6535
323,3,corridor_2400m,-3696.33749615807,-3980.620760598057,-5.063390631221409e-07,48389.69140625,-0.0,24194.845703125,600,323,3.3866
324,3,corridor_2400m,-4306.46090839658,-3993.358898048547,-1.1264852219028398e-05,89061.9140625,-0.0,44530.95703125,600,324,3.2173
325,3,corridor_2400m,-3576.8721532108175,-3996.4481577389397,7.939573151816148e-06,49713.37890625,-0.0,24856.689453125,600,325,3.2026
326,3,corridor_2400m,-4097.496004833594,-3986.0560433954092,-3.4554243484308245e-06,67882.0078125,-0.0,33941.00390625,600,326,3.3289
327,3,corridor_2400m,-3981.788340650791,-3968.1790967623015,1.7784848296287237e-06,52078.19921875,-0.0,26039.099609375,600,327,3.381
328,3,corridor_2400m,-3444.07412425195,-3954.6020491748736,9.606234016246162e-06,56384.5859375,-0.0,28192.29296875,600,328,3.3639
329,3,corridor_2400m,-4363.331710017396,-3951.8896439614396,-4.564778464555275e-06,85460.828125,-0.0,42730.4140625,600,329,3.2594
330,3,corridor_2400m,-4037.216999677715,-3977.167784767182,-2.054816377494717e-06,66254.8671875,-0.0,33127.43359375,600,330,3.2453
331,3,corridor_2400m,-2816.261596028946,-3947.9277119377884,2.320814564882312e-05,64524.66796875,-0.0,32262.333984375,600,331,3.1999
332,3,corridor_2400m,-4542.551665174141,-3960.469863706176,-1.3558428690885194e-05,93443.421875,-0.0,46721.7109375,600,332,3.1801
333,3,corridor_2400m,-4071.8007429237996,-3967.404891078072,-4.41967176811886e-06,64684.93359375,-0.0,32342.466796875,600,333,3.1298
334,3,corridor_2400m,-3630.7667843542217,-3969.093077710507,6.554271749337204e-06,44811.82421875,-0.0,22405.912109375,600,334,3.2192
335,3,corridor_2400m,-3999.97504791465,-3960.5937884201176,-5.615911959466757e-06,63606.1015625,-0.0,31803.05078125,600,335,3.1877
336,3,corridor_2400m,-4245.229125594114,-3964.101226340653,-9.370234693051316e-06,90207.28125,-0.0,45103.640625,600,336,3.3089
337,3,corridor_2400m,-3478.3345892273005,-3961.61332029017,4.449503194337012e-06,45047.26171875,-0.0,22523.630859375,600,337,3.384
338,3,corridor_2400m,-3721.7046647090697,-3938.23489419136,2.3527711618953617e-06,61087.2734375,-0.0,30543.63671875,600,338,3.261
339,3,corridor_2400m,-3963.962481449261,-3944.0765507702963,-4.210347469779663e-06,52979.78515625,-0.0,26489.892578125,600,339,3.2728
340,3,corridor_2400m,-3677.184817738409,-3918.643684309414,4.730392902274616e-06,43373.85546875,-0.0,21686.927734375,600,340,3.2661
341,3,corridor_2400m,-4413.164549474469,-3927.6362263984124,-1.215643533214461e-05,92677.171875,-0.0,46338.5859375,600,341,3.2882
342,3,corridor_2400m,-4241.945995526166,-3937.0246486337815,-5.190107003727462e-06,58537.78515625,-0.0,29268.892578125,600,342,3.4518
343,3,corridor_2400m,-4076.5980982636047,-3940.207091504169,-2.2537510631082114e-06,80461.25,-0.0,40230.625,600,343,3.2978
344,3,corridor_2400m,-3957.9441185088385,-3936.501434362681,7.928956620162353e-07,59202.5078125,-0.0,29601.25390625,600,344,3.3251
345,3,corridor_2400m,-4058.6182032942424,-3925.149912862603,1.697774678177666e-06,92730.484375,-0.0,46365.2421875,600,345,3.5509
346,3,corridor_2400m,-3468.933722347652,-3914.2956196031687,1.3167476026865188e-05,47174.53515625,-0.0,23587.267578125,600,346,3.6193
347,3,corridor_2400m,-4246.6882328406655,-3932.8410952222653,-2.9697323498112382e-06,78048.90625,-0.0,39024.453125,600,347,3.2877
348,3,corridor_2400m,-4172.152331925633,-3942.496176523125,1.0393638376626768e-06,74418.3671875,-0.0,37209.18359375,600,348,4.1893
349,3,corridor_2400m,-3410.4970743291137,-3933.6732641938206,1.3223436326370575e-05,70709.078125,-0.0,35354.5390625,600,349,3.4881
350,3,corridor_2400m,-4848.294097366401,-3962.3766627387017,-1.6389745724154636e-05,122637.7734375,-0.0,61318.88671875,600,350,3.204
351,3,corridor_2400m,-3292.437106369728,-3933.3690704788683,1.3725423741561826e-05,43648.578125,-0.0,21824.2890625,600,351,3.3846
352,3,corridor_2400m,-3552.2191477558827,-3913.0280643437745,3.0618025448347908e-06,39576.875,-0.0,19788.4375,600,352,3.3082
353,3,corridor_2400m,-4755.708533732265,-3948.340432262914,-2.214047526649665e-05,145455.515625,-0.0,72727.7578125,600,353,3.4345
354,3,corridor_2400m,-4126.639915559065,-3942.34639916833,-9.079641131393146e-06,76770.828125,-0.0,38385.4140625,600,354,3.2869
355,3,corridor_2400m,-4141.376092902602,-3961.163197158056,-7.676540917600505e-06,101506.234375,-0.0,50753.1171875,600,355,3.3118
356,3,corridor_2400m,-3959.2701564748477,-3956.5556688794313,5.673914529324975e-07,53179.9921875,-0.0,26589.99609375,600,356,3.3237
357,3,corridor_2400m,-3965.8129802728845,-3956.0231568668337,2.329212293261662e-06,65034.21875,-0.0,32517.109375,600,357,3.2295
358,3,corridor_2400m,-3687.873840457941,-3964.1498140737003,1.2874434105469845e-05,65656.890625,-0.0,32828.4453125,600,358,3.2315
359,3,corridor_2400m,-3948.945006642073,-3950.336923961189,6.86769135427312e-06,73755.828125,-0.0,36877.9140625,600,359,3.2613
360,3,corridor_2400m,-3550.0005683464833,-3934.0963762501483,1.2521640201157425e-05,70869.484375,-0.0,35434.7421875,600,360,3.3624
361,3,corridor_2400m,-3484.5690089303084,-3956.373290013527,9.400271665072069e-06,50531.27734375,-0.0,25265.638671875,600,361,3.3397
362,3,corridor_2400m,-3793.161056878405,-3931.3936030703358,-5.848453952239652e-07,49799.39453125,-0.0,24899.697265625,600,362,3.2152
363,3,corridor_2400m,-4249.887249363968,-3937.329819951675,-1.0412441952212248e-05,62313.69140625,-0.0,31156.845703125,600,363,3.2383
364,3,corridor_2400m,-4918.806903171737,-3980.2644905789257,-2.413465153949801e-05,124588.734375,-0.0,62294.3671875,600,364,3.2908
365,3,corridor_2400m,-4323.883853881726,-3991.0614507778287,-1.3546288755605929e-05,80143.7578125,-0.0,40071.87890625,600,365,3.3175
366,3,corridor_2400m,-4371.560893521002,-3995.2725097087246,-8.35223909234628e-06,69911.6484375,-0.0,34955.82421875,600,366,3.2537
367,3,corridor_2400m,-3675.2828844977917,-4001.837452884408,7.669070328120142e-06,61231.1015625,-0.0,30615.55078125,600,367,3.2726
368,3,corridor_2400m,-4064.8786499880152,-4013.2765857270383,4.396386430016719e-06,51276.546875,-0.0,25638.2734375,600,368,3.2333
369,3,corridor_2400m,-3693.089585450336,-4004.2474891937413,1.2284712283872068e-05,64583.859375,-0.0,32291.9296875,600,369,3.1948
370,3,corridor_2400m,-4071.4767366744245,-4017.390553158276,7.058243227220373e-06,78184.7421875,-0.0,39092.37109375,600,370,3.2312
371,3,corridor_2400m,-4573.505684001648,-4022.7352576425155,-7.415394520648988e-06,84669.7890625,-0.0,42334.89453125,600,371,3.1726
372,3,corridor_2400m,-3573.499669614481,-4000.4537134454586,9.582550774211995e-06,85070.4765625,-0.0,42535.23828125,600,372,3.2962
373,3,corridor_2400m,-3705.1207883921184,-3988.071136449742,6.4356713664892595e-06,90627.6484375,-0.0,45313.82421875,600,373,3.1391
374,3,corridor_2400m,-4442.389043917249,-4004.2193006300226,-9.264480468118563e-06,86412.21875,-0.0,43206.109375,600,374,3.1259
375,3,corridor_2400m,-4364.865904662993,-4014.4275573423147,-1.1838577847811393e-05,92399.375,-0.0,46199.6875,600,375,3.1864
376,3,corridor_2400m,-4096.909657344351,-4035.3600885088717,-5.094747393741272e-06,76994.3515625,-0.0,38497.17578125,600,376,3.272
377,3,corridor_2400m,-4013.115056749398,-4027.574315972496,-1.5191038755801856e-06,58481.37890625,-0.0,29240.689453125,600,377,3.4135
378,3,corridor_2400m,-4098.109606715126,-4025.106225132146,-1.2632386869881884e-06,59681.6015625,-0.0,29840.80078125,600,378,3.3704
379,3,corridor_2400m,-4529.237276553147,-4062.3975652062804,-1.1008853107341565e-05,84545.703125,-0.0,42272.8515625,600,379,3.227
380,3,corridor_2400m,-4165.9164835155525,-4039.651644744585,8.88832744294632e-07,64092.20703125,-0.0,32046.103515625,600,380,3.2356
381,3,corridor_2400m,-4467.15845531655,-4078.8090230428124,-5.05002890349715e-06,73391.78125,-0.0,36695.890625,600,381,3.6864
382,3,corridor_2400m,-4624.0136894585785,-4114.535507766235,-5.097606390336296e-06,83938.0703125,-0.0,41969.03515625,600,382,3.1887
383,3,corridor_2400m,-4199.858916748521,-4096.00718720011,3.7193547086644685e-06,85311.5390625,-0.0,42655.76953125,600,383,3.2254
384,3,corridor_2400m,-4358.3819946898875,-4103.731923171138,2.248505097668385e-06,87875.4765625,-0.0,43937.73828125,600,384,3.1886
385,3,corridor_2400m,-3312.643476925219,-4076.107502638559,2.5846133212326095e-05,90969.359375,-0.0,45484.6796875,600,385,3.2229
386,3,corridor_2400m,-3865.7071494258657,-4072.9887357369253,1.00662000477314e-05,64436.078125,-0.0,32218.0390625,600,386,3.2312
387,3,corridor_2400m,-3750.2893731998597,-4065.804615501159,7.419466783176176e-06,64318.0390625,-0.0,32159.01953125,600,387,3.2159
388,3,corridor_2400m,-4724.01482341877,-4100.342648266519,-1.3694705558009446e-05,108219.7265625,-0.0,54109.86328125,600,388,3.2171
389,3,corridor_2400m,-4177.127466787837,-4107.948730271379,-8.258419256890193e-06,98605.453125,-0.0,49302.7265625,600,389,3.1805
390,3,corridor_2400m,-4081.874912883789,-4125.677875089289,-4.4555663407663815e-06,55290.29296875,-0.0,27645.146484375,600,390,3.1513
391,3,corridor_2400m,-3675.2201749265873,-4132.032913955832,1.2573899539347622e-06,47449.79296875,-0.0,23724.896484375,600,391,3.193
392,3,corridor_2400m,-3525.858654202748,-4123.122833866642,5.194192453927826e-06,55109.1484375,-0.0,27554.57421875,600,392,3.4004
393,3,corridor_2400m,-3911.5890036358314,-4111.846225675704,-1.605660145287402e-06,53487.87890625,-0.0,26743.939453125,600,393,3.2353
394,3,corridor_2400m,-3431.146005212451,-4062.257529077061,6.543426025018562e-06,37742.91015625,-0.0,18871.455078125,600,394,3.2036
395,3,corridor_2400m,-4940.241794797283,-4082.8027937742468,-2.243478229502216e-05,143404.1875,-0.0,71702.09375,600,395,3.2667
396,3,corridor_2400m,-4257.077601839286,-4078.986684051523,-8.349727977474686e-06,87638.2265625,-0.0,43819.11328125,600,396,3.2176
397,3,corridor_2400m,-4044.827327085713,-4091.3048321377873,-1.9021157413590117e-06,65589.21875,-0.0,32794.609375,600,397,3.3512
398,3,corridor_2400m,-3554.029998064199,-4074.2765437403264,1.0666911293810699e-05,43586.6953125,-0.0,21793.34765625,600,398,3.4054
399,3,corridor_2400m,-4187.235948605812,-4090.7480891788423,1.7355827139908797e-06,64118.3515625,-0.0,32059.17578125,600,399,3.2667
400,3,corridor_2400m,-3883.7043216532084,-4084.4890086781356,5.977055025141453e-06,45632.3203125,-0.0,22816.16015625,600,400,3.6574
401,3,corridor_2400m,-4006.9081611022325,-4065.6024245814874,2.8718584417219972e-06,59187.6328125,-0.0,29593.81640625,600,401,3.3071
402,3,corridor_2400m,-4854.536183055872,-4108.303641696201,-1.1415329026931431e-05,123401.15625,-0.0,61700.578125,600,402,3.2787
403,3,corridor_2400m,-3978.2127772502427,-4117.406707991471,2.336512579859118e-06,74363.765625,-0.0,37181.8828125,600,403,3.341
404,3,corridor_2400m,-3570.3866229111895,-4088.3399606246026,9.111020517593715e-06,52237.94140625,-0.0,26118.970703125,600,404,3.2247
405,3,corridor_2400m,-3676.586933818044,-4065.397328263105,6.553913863172056e-06,48338.07421875,-0.0,24169.037109375,600,405,3.2937
406,3,corridor_2400m,-4151.59253818429,-4067.22009095777,-4.8280730879923794e-06,65472.24609375,-0.0,32736.123046875,600,406,3.2203
407,3,corridor_2400m,-3947.295915095322,-4065.0261195693006,-3.658075684143114e-06,67494.1953125,-0.0,33747.09765625,600,407,4.2942
408,3,corridor_2400m,-4550.785575440151,-4080.1153185268017,-1.1178418390045408e-05,85429.2265625,-0.0,42714.61328125,600,408,3.7182
409,3,corridor_2400m,-4139.0979615185515,-4067.110674692315,-2.904528628278058e-06,58595.625,-0.0,29297.8125,600,409,3.8399
410,3,corridor_2400m,-4631.807431175158,-4082.640372947635,-1.0833965461642947e-05,77936.5859375,-0.0,38968.29296875,600,410,3.9021
411,3,corridor_2400m,-3613.1573435543137,-4054.1736692222266,6.783093340345658e-06,57842.43359375,-0.0,28921.216796875,600,411,3.3331
412,3,corridor_2400m,-3658.9561191282464,-4022.005083544549,7.931983418529853e-06,46847.38671875,-0.0,23423.693359375,600,412,3.3934
413,3,corridor_2400m,-4065.0409459278785,-4017.5111511838604,4.87939018967154e-07,57868.76171875,-0.0,28934.380859375,600,413,3.3593
414,3,corridor_2400m,-3876.75204874842,-4001.4568196524783,3.5659938930621138e-06,46380.66796875,-0.0,23190.333984375,600,414,3.3126
415,3,corridor_2400m,-3989.0495223424723,-4024.003687833053,1.3915005183662288e-06,63878.5390625,-0.0,31939.26953125,600,415,3.3193
416,3,corridor_2400m,-4183.972121335219,-4034.612520230032,2.43225031226757e-07,76368.25,-0.0,38184.125,600,416,3.3301
417,3,corridor_2400m,-4621.017141693964,-4063.6367791798352,-1.0672411917767022e-05,87639.4140625,-0.0,43819.70703125,600,417,3.3673
418,3,corridor_2400m,-3928.518036848878,-4037.120219627506,-1.925954848047695e-06,67363.9921875,-0.0,33681.99609375,600,418,3.3646
419,3,corridor_2400m,-4108.283426230937,-4034.825418275609,-3.3840319701994304e-06,61152.02734375,-0.0,30576.013671875,600,419,3.3467
420,3,corridor_2400m,-3499.933287378578,-4015.4273640921024,9.787802810024004e-06,44234.41015625,-0.0,22117.205078125,600,420,3.2623
421,3,corridor_2400m,-3699.02731163212,-4016.2209353156204,5.861142199137248e-06,65045.265625,-0.0,32522.6328125,600,421,3.287
422,3,corridor_2400m,-4638.118165075188,-4053.2962523447013,-1.0286183169228025e-05,107371.40625,-0.0,53685.703125,600,422,3.4512
423,3,corridor_2400m,-3967.1725657380375,-4055.1490377481077,-9.046495108577801e-08,60595.9609375,-0.0,30297.98046875,600,423,3.5247
424,3,corridor_2400m,-4648.89995896044,-4095.740836206374,-1.044955297402339e-05,115400.84375,-0.0,57700.421875,600,424,3.2654
425,3,corridor_2400m,-3857.1222834152804,-4059.636852493641,4.992583853891119e-06,51860.7734375,-0.0,25930.38671875,600,425,3.2275
426,3,corridor_2400m,-4235.833216922077,-4058.928706329735,-1.5471478036488406e-06,60197.953125,-0.0,30098.9765625,600,426,3.2447
427,3,corridor_2400m,-3280.677846215583,-4033.457056967397,1.84193213499384e-05,59623.3515625,-0.0,29811.67578125,600,427,3.2966
428,3,corridor_2400m,-3973.8178772141764,-4047.4499862723956,1.6295048226311337e-06,68763.5546875,-0.0,34381.77734375,600,428,3.2619
429,3,corridor_2400m,-4140.908013747585,-4045.905721777122,-2.790478674796759e-06,68434.2734375,-0.0,34217.13671875,600,429,3.2386
430,3,corridor_2400m,-4802.0214106623735,-4076.5162914107614,-1.707273804640863e-05,123205.640625,-0.0,61602.8203125,600,430,3.2902
431,3,corridor_2400m,-3955.896417909242,-4074.8158999709945,5.781905656476738e-07,51729.2890625,-0.0,25864.64453125,600,431,3.1798
432,3,corridor_2400m,-4649.785842994729,-4067.990888635622,-1.0743681741587352e-05,99439.6796875,-0.0,49719.83984375,600,432,3.1506
433,3,corridor_2400m,-3706.1121448372,-4058.920867555188,8.863312359608244e-06,44535.44140625,-0.0,22267.720703125,600,433,3.6907
434,3,corridor_2400m,-4261.077043268129,-4081.943881567086,-1.5991437862794555e-07,81545.8828125,-0.0,40772.94140625,600,434,3.1802
435,3,corridor_2400m,-4048.595053981592,-4094.344152239204,-1.602341228590376e-07,79219.2578125,-0.0,39609.62890625,600,435,3.3522
436,3,corridor_2400m,-3868.3225741639676,-4084.9018201051936,3.931136234314181e-06,63968.328125,-0.0,31984.1640625,600,436,3.2448
437,3,corridor_2400m,-4673.431874080209,-4109.106352071356,-9.049062100530136e-06,108263.1171875,-0.0,54131.55859375,600,437,3.2178
438,3,corridor_2400m,-3507.907658778667,-4074.3437548493075,1.348757814412238e-05,58532.47265625,-0.0,29266.236328125,600,438,3.1697
439,3,corridor_2400m,-3308.776605957587,-4046.666376330608,1.630845872568898e-05,56000.6875,-0.0,28000.34375,600,439,3.3896
440,3,corridor_2400m,-3802.6248537721895,-4019.0269570838423,4.090312359039672e-06,54436.25390625,-0.0,27218.126953125,600,440,3.1449
441,3,corridor_2400m,-3947.9776160764545,-4030.1876328345807,-4.336499387136428e-06,61356.28515625,-0.0,30678.142578125,600,441,3.1245
442,3,corridor_2400m,-3601.1166294524646,-4028.2596498453877,-1.1616779147516354e-06,44153.78515625,-0.0,22076.892578125,600,442,3.1861
443,3,corridor_2400m,-4234.608428851645,-4033.91189927618,-1.1742562492145225e-05,71626.0859375,-0.0,35813.04296875,600,443,3.182
444,3,corridor_2400m,-3000.8702647534933,-4004.7158398096817,6.522399871755624e-06,37399.96484375,-0.0,18699.982421875,600,444,3.1857
445,3,corridor_2400m,-3906.8943995846594,-4001.9773357177555,-9.89859108813107e-06,60309.71484375,-0.0,30154.857421875,600,445,3.2603
446,3,corridor_2400m,-4368.53460989544,-4008.1294186697633,-1.5243101188389119e-05,83869.0234375,-0.0,41934.51171875,600,446,3.1688
447,3,corridor_2400m,-4316.070229847476,-3997.9645216082135,-1.4429882867261767e-05,85301.0625,-0.0,42650.53125,600,447,3.2847
448,3,corridor_2400m,-4156.3457212345,-4005.558777754401,-7.023254966043169e-06,82061.703125,-0.0,41030.8515625,600,448,3.4909
449,3,corridor_2400m,-3692.945884499163,-3991.714193030008,9.346017577627208e-06,52666.19921875,-0.0,26333.099609375,600,449,3.8375
450,3,corridor_2400m,-4491.085448428298,-4024.752598398333,-4.981586243957281e-06,94562.1484375,-0.0,47281.07421875,600,450,3.5155
451,3,corridor_2400m,-3569.1348568326425,-4020.4228499050164,1.4876571185595822e-05,68758.5546875,-0.0,34379.27734375,600,451,3.3382
452,3,corridor_2400m,-3375.5072075953503,-3978.3358179890215,1.8723932953434996e-05,70707.46875,-0.0,35353.734375,600,452,3.2481
453,3,corridor_2400m,-3485.6421910010267,-3962.284805497788,1.4353739061334636e-05,50400.05859375,-0.0,25200.029296875,600,453,3.3278
454,3,corridor_2400m,-4232.062903755203,-3948.3902369909465,-7.536104362770857e-07,62335.640625,-0.0,31167.8203125,600,454,3.4332
455,3,corridor_2400m,-4654.149076090269,-3974.9577967467794,-1.6208003216888756e-05,112514.375,-0.0,56257.1875,600,455,3.1826
456,3,corridor_2400m,-4075.8965200125963,-3969.6265735164634,-4.765639914694475e-06,78570.8125,-0.0,39285.40625,600,456,3.1987
457,3,corridor_2400m,-3934.0525449023985,-3991.4057301393573,-2.6073632852785522e-06,76109.5078125,-0.0,38054.75390625,600,457,3.2968
458,3,corridor_2400m,-3469.2861369180528,-3974.5880054628196,5.510810296982527e-06,43249.171875,-0.0,21624.5859375,600,458,3.2884
459,3,corridor_2400m,-3776.661390784269,-3962.4464513640423,-5.204110948398011e-06,55737.2734375,-0.0,27868.63671875,600,459,3.4988
460,3,corridor_2400m,-4256.683611799258,-3944.2685247352724,-1.3091243090457283e-05,86672.671875,-0.0,43336.3359375,600,460,3.472
461,3,corridor_2400m,-4249.941140889243,-3954.070015501273,-9.799264262255747e-06,92395.984375,-0.0,46197.9921875,600,461,3.8406
462,3,corridor_2400m,-3788.544248100864,-3925.3619623381437,2.1032494146311365e-07,44943.7734375,-0.0,22471.88671875,600,462,3.8954
463,3,corridor_2400m,-4727.999036353314,-3959.424858722014,-1.283738311030902e-05,99046.2109375,-0.0,49523.10546875,600,463,5.3774
464,3,corridor_2400m,-3680.8171271589385,-3940.082861518375,1.0008872777689248e-05,67782.2734375,-0.0,33891.13671875,600,464,3.7004
465,3,corridor_2400m,-3952.7284912317164,-3936.887309426712,7.1399667831428815e-06,62048.6484375,-0.0,31024.32421875,600,465,3.5064
466,3,corridor_2400m,-4050.1769575931585,-3942.9491222076845,5.3040103011881e-06,96865.0234375,-0.0,48432.51171875,600,466,3.5421
467,3,corridor_2400m,-4128.233688594763,-3924.77584935817,6.782246600778308e-06,68325.1484375,-0.0,34162.57421875,600,467,3.5693
468,3,corridor_2400m,-4116.6771322853265,-3945.068165141725,5.06956848767004e-06,70142.515625,-0.0,35071.2578125,600,468,3.5341
469,3,corridor_2400m,-3993.401184897619,-3967.8889844397268,3.2142711461347062e-06,89404.5625,-0.0,44702.28125,600,469,3.4946
470,3,corridor_2400m,-3671.8576079739746,-3963.5300762464526,6.035943442839198e-06,85603.0,-0.0,42801.5,600,470,3.4912
471,3,corridor_2400m,-3602.9168945118536,-3952.0280521942996,6.053511697245995e-06,40915.8125,-0.0,20457.90625,600,471,3.4633
472,3,corridor_2400m,-3413.6847676357447,-3945.780323467075,3.3825283480837243e-06,47451.70703125,-0.0,23725.853515625,600,472,3.4928
473,3,corridor_2400m,-4555.444111676672,-3956.47484622791,-1.7488786397734657e-05,106440.8046875,-0.0,53220.40234375,600,473,3.4721
474,3,corridor_2400m,-4427.412178531281,-4004.026243353836,-1.705450085864868e-05,111146.96875,-0.0,55573.484375,600,474,3.489
475,3,corridor_2400m,-4050.2205966507695,-4008.8037832560394,-1.0542000381974503e-05,71730.3828125,-0.0,35865.19140625,600,475,3.4992
476,3,corridor_2400m,-4838.006848079592,-4024.4528578621776,-2.0930940081598237e-05,118140.1171875,-0.0,59070.05859375,600,476,3.46
477,3,corridor_2400m,-3369.3411653843855,-3992.8952223800743,1.0767548701551277e-05,46601.71484375,-0.0,23300.857421875,600,477,3.5447
478,3,corridor_2400m,-4120.411691581122,-3991.6974213916283,2.24903078560601e-06,67124.0078125,-0.0,33562.00390625,600,478,3.459
479,3,corridor_2400m,-4710.958843484511,-4025.6311866911396,-4.060700121044647e-06,76274.8671875,-0.0,38137.43359375,600,479,4.0518
480,3,corridor_2400m,-4452.1299949917875,-4024.3326715765897,2.958736786240479e-06,71851.3984375,-0.0,35925.69921875,600,480,3.7139
481,3,corridor_2400m,-3241.848925536184,-4013.4231405333735,2.5831426682998426e-05,82889.6171875,-0.0,41444.80859375,600,481,3.5374
482,3,corridor_2400m,-3384.007837315939,-4013.706494857394,2.179092371079605e-05,67718.78125,-0.0,33859.390625,600,482,3.7066
483,3,corridor_2400m,-3586.4389522360575,-4017.0663868985616,9.719817171571776e-06,77233.109375,-0.0,38616.5546875,600,483,3.5915
484,3,corridor_2400m,-4148.358163640159,-4014.2762288947274,-4.458178409549873e-06,72144.1015625,-0.0,36072.05078125,600,484,3.5214
485,3,corridor_2400m,-4455.20210065477,-4007.6446630468777,-1.4960970474930946e-05,91564.1875,-0.0,45782.09375,600,485,3.6339
486,3,corridor_2400m,-4062.9725998234717,-4007.2138657072396,-1.142937890108442e-05,75328.1328125,-0.0,37664.06640625,600,486,3.4545
487,3,corridor_2400m,-4167.809231500301,-4015.0057552605026,-1.2851799510826822e-05,76711.859375,-0.0,38355.9296875,600,487,3.4702
488,3,corridor_2400m,-3690.4435104007503,-4022.377667709927,-3.4159809274569852e-06,56966.29296875,-0.0,28483.146484375,600,488,3.4904
489,3,corridor_2400m,-3605.1328986384888,-4016.660051305068,-5.705445005332876e-07,37393.1015625,-0.0,18696.55078125,600,489,3.4411
490,3,corridor_2400m,-3633.04353247943,-3995.8720486610723,2.5085794277401874e-06,55168.87109375,-0.0,27584.435546875,600,490,3.4399
491,3,corridor_2400m,-3792.111448602352,-3980.611058918177,-2.5293197722930927e-06,65758.0078125,-0.0,32879.00390625,600,491,3.4472
492,3,corridor_2400m,-3843.5175686018842,-3982.4435029348774,2.022246007982176e-06,47130.09765625,-0.0,23565.048828125,600,492,3.3723
493,3,corridor_2400m,-5048.3561993491685,-3993.1220750347393,-2.1191865016589873e-05,144047.375,-0.0,72023.6875,600,493,3.4498
494,3,corridor_2400m,-3899.5476081363977,-4000.413091067321,4.506548975768965e-06,50994.54296875,-0.0,25497.271484375,600,494,3.4188
495,3,corridor_2400m,-3417.3347414416357,-3982.5666327409854,1.4924664355930872e-05,67271.484375,-0.0,33635.7421875,600,495,3.4818
496,3,corridor_2400m,-4832.285352120417,-4008.6369125585607,-9.913776011671871e-06,106549.828125,-0.0,53274.9140625,600,496,3.6934
497,3,corridor_2400m,-4093.5529470834804,-4007.480887841518,5.071603027317906e-06,53634.10546875,-0.0,26817.052734375,600,497,3.5178
498,3,corridor_2400m,-3571.715134353312,-3989.315487910451,1.5651767171220854e-05,63470.1328125,-0.0,31735.06640625,600,498,3.3002
499,3,corridor_2400m,-4246.991297668365,-3997.768491669476,-1.0295074162058881e-06,64003.59375,-0.0,32001.796875,600,499,3.4281
500,3,corridor_2400m,-4201.043903614355,-4015.408034857488,-3.7898433902228135e-07,69458.796875,-0.0,34729.3984375,600,500,3.4909
