seed,episode,reward,actor_loss,critic_loss,entropy,completion_ratio_pct,avg_delay_s,avg_wait_delay_s,avg_energy_J,avg_queue_Mcycles,max_queue_Mcycles,total_tasks,duration_s
0,1,-1641.6187,-432.224609,53581.007812,1.945021,100.0,1.9783,0.0178,3.4938,15.52,97.42,600,12.898
0,2,-1609.1297,-427.978027,52826.898438,1.945011,100.0,1.9743,0.0135,3.3894,10.92,92.57,600,12.861
0,3,-1588.6641,-422.133881,51144.238281,1.945008,100.0,1.9879,0.0145,3.3076,11.53,93.97,600,13.158
0,4,-1587.0002,-423.735504,51603.125,1.944999,100.0,1.9395,0.0139,3.3505,11.12,93.39,600,12.937
0,5,-1614.9122,-425.888885,52424.773438,1.944995,100.0,2.0024,0.0156,3.3806,11.63,93.93,600,12.882
0,6,-1634.3053,-437.127136,54757.878906,1.94499,100.0,1.9421,0.0131,3.5056,10.95,84.8,600,13.296
0,7,-1581.0518,-417.545074,49997.007812,1.944984,100.0,1.9472,0.0155,3.323,11.27,96.97,600,12.914
0,8,-1604.7384,-427.509186,52449.488281,1.944984,100.0,1.9516,0.0142,3.3975,11.36,96.17,600,12.701
0,9,-1640.4418,-434.729279,54392.050781,1.944983,100.0,1.9606,0.0142,3.5075,11.38,88.51,600,15.017
0,10,-1653.3606,-440.107025,55618.308594,1.944981,100.0,1.9701,0.0141,3.5411,11.27,91.51,600,13.457
0,11,-1643.0802,-433.065338,53911.148438,1.944979,100.0,1.9818,0.015,3.4951,11.69,99.35,600,14.096
0,12,-1604.9349,-426.000732,52017.238281,1.944978,100.0,1.9826,0.014,3.3672,11.04,92.37,600,14.374
0,13,-1612.5754,-432.46698,53242.695312,1.944974,100.0,1.9611,0.0145,3.4141,11.59,94.35,600,13.318
0,14,-1640.5079,-440.003021,55612.074219,1.944969,100.0,1.9407,0.0145,3.5277,11.79,112.11,600,13.274
0,15,-1582.6015,-421.105835,50548.214844,1.94496,100.0,1.9067,0.0136,3.3686,11.7,88.05,600,18.359
0,16,-1633.8801,-431.246002,53169.839844,1.944948,100.0,2.0264,0.0144,3.4199,11.6,98.64,600,16.614
0,17,-1595.8792,-431.639709,53276.269531,1.944937,100.0,1.9307,0.0153,3.3889,11.37,97.63,600,13.369
0,18,-1601.2618,-426.951599,52622.421875,1.944917,100.0,1.9659,0.0152,3.3717,11.24,93.59,600,13.336
0,19,-1645.3722,-437.698761,54521.773438,1.944899,100.0,1.9326,0.0144,3.552,11.81,101.46,600,13.936
0,20,-1583.2345,-426.941711,51793.140625,1.944876,100.0,1.9567,0.0131,3.3208,11.31,84.09,600,13.607
0,21,-1573.0571,-419.950897,50700.238281,1.944846,100.0,1.9482,0.0141,3.2953,10.95,103.76,600,14.256
0,22,-1635.1133,-435.93808,54451.582031,1.944815,100.0,1.9562,0.0151,3.4942,11.81,93.85,600,14.071
0,23,-1622.844,-428.611786,53061.335938,1.944782,100.0,1.9778,0.0135,3.4317,11.27,95.16,600,14.034
0,24,-1595.8642,-421.069122,50836.828125,1.944742,100.0,1.9526,0.0149,3.3669,11.6,102.67,600,13.345
0,25,-1707.3727,-447.934418,57439.332031,1.944703,100.0,1.9883,0.0128,3.7029,11.09,92.08,600,13.555
0,26,-1673.9421,-446.157654,56989.265625,1.944659,100.0,1.963,0.014,3.6168,11.67,89.55,600,13.424
0,27,-1582.6382,-416.694763,50016.207031,1.944612,100.0,1.9516,0.0153,3.3239,11.39,104.94,600,13.589
0,28,-1669.4733,-447.322388,56896.28125,1.94455,100.0,1.9455,0.0147,3.6194,12.22,111.58,600,13.246
0,29,-1572.6246,-419.421112,50408.945312,1.944478,100.0,1.9338,0.0138,3.3083,11.26,95.68,600,13.566
0,30,-1643.7654,-435.896912,54746.726562,1.944405,100.0,1.9768,0.0132,3.5025,11.33,90.29,600,1075.083
0,31,-1546.4057,-408.243866,47728.726562,1.944343,100.0,1.9657,0.0161,3.189,11.6,102.03,600,18.087
0,32,-1654.5939,-439.546082,55313.132812,1.944282,100.0,1.9921,0.0142,3.5233,11.44,92.13,600,16.096
0,33,-1651.9894,-440.924591,55545.765625,1.944211,100.0,1.9838,0.0133,3.5229,11.02,93.13,600,15.696
0,34,-1562.6425,-413.20578,49268.425781,1.944124,100.0,1.9563,0.0149,3.2525,11.08,89.49,600,14.044
0,35,-1648.105,-435.350403,55006.230469,1.944037,100.0,1.9681,0.0162,3.5255,11.86,91.41,600,15.209
0,36,-1616.1894,-425.613037,51739.671875,1.943955,100.0,1.9473,0.0135,3.44,11.64,96.25,600,17.282
0,37,-1627.3457,-429.226837,52565.035156,1.943866,100.0,1.9667,0.0141,3.4578,11.5,100.6,600,16.765
0,38,-1585.9692,-416.786835,49933.882812,1.943765,100.0,1.9441,0.0139,3.3425,11.69,92.66,600,16.483
0,39,-1636.0587,-434.024597,54305.40625,1.943654,100.0,1.9464,0.014,3.5071,11.83,92.64,600,15.901
0,40,-1628.8747,-435.196808,54878.421875,1.943539,100.0,1.9469,0.0137,3.4827,11.26,87.17,600,15.029
0,41,-1631.1045,-430.653137,53595.261719,1.943423,100.0,1.9234,0.0142,3.5136,11.34,91.26,600,15.436
0,42,-1666.4888,-437.332489,55387.652344,1.943293,100.0,1.9767,0.0145,3.5782,11.81,98.21,600,15.997
0,43,-1620.5935,-430.078339,53361.441406,1.943153,100.0,1.9927,0.0141,3.4093,11.36,109.28,600,15.014
0,44,-1633.5126,-423.091339,52058.304688,1.942999,100.0,1.941,0.0141,3.5041,11.46,95.7,600,15.507
0,45,-1649.5267,-437.123383,54628.003906,1.942842,100.0,1.9251,0.0135,3.5733,11.28,96.11,600,15.607
0,46,-1623.3251,-426.706329,52801.273438,1.942652,100.0,1.9243,0.0138,3.4868,11.5,96.74,600,15.48
0,47,-1651.3091,-432.469086,54598.328125,1.942436,100.0,1.9147,0.014,3.5897,11.27,100.97,600,15.956
0,48,-1591.9733,-419.92804,50534.945312,1.942216,100.0,1.9064,0.0141,3.4002,11.61,93.19,600,15.905
0,49,-1662.3875,-442.224579,56586.152344,1.941975,100.0,1.9557,0.0143,3.5856,12.09,94.12,600,18.029
0,50,-1611.0468,-427.463348,52404.085938,1.941705,100.0,1.9497,0.0147,3.4204,11.41,99.83,600,14.692
1,1,-1623.9568,-433.745239,53562.839844,1.945072,100.0,1.9424,0.0137,3.4708,11.05,91.53,600,14.127
1,2,-1595.6835,-425.11087,51792.210938,1.945057,100.0,1.9216,0.0145,3.3974,11.56,106.38,600,15.231
1,3,-1605.2262,-429.871735,53000.464844,1.945061,100.0,1.957,0.0142,3.3937,11.26,94.67,600,16.049
1,4,-1576.4986,-413.680878,49798.980469,1.945066,100.0,1.944,0.0136,3.3109,11.39,95.73,600,15.836
1,5,-1637.8503,-431.28186,53742.601562,1.945073,100.0,1.9704,0.0145,3.4891,11.73,91.27,600,15.64
1,6,-1670.2059,-446.190979,57319.851562,1.945077,100.0,2.0023,0.0132,3.565,11.63,95.66,600,14.447
1,7,-1638.4023,-427.12915,52785.535156,1.945085,100.0,1.959,0.0147,3.5024,11.47,92.31,600,14.083
1,8,-1639.3828,-433.61264,53896.160156,1.945087,100.0,1.9207,0.0135,3.5439,11.29,87.99,600,13.656
1,9,-1580.3397,-424.126495,50928.230469,1.945088,100.0,1.9339,0.0152,3.3339,11.82,101.05,600,14.167
1,10,-1555.8809,-415.089874,49251.648438,1.945085,100.0,1.93,0.015,3.2563,11.6,103.05,600,14.203
1,11,-1638.2784,-434.593597,53886.253906,1.945079,100.0,1.9652,0.0134,3.4957,11.42,89.97,600,14.079
1,12,-1625.7264,-433.327423,53891.621094,1.945077,100.0,1.9975,0.0137,3.4216,11.06,99.19,600,14.068
1,13,-1590.7416,-419.544159,50550.441406,1.945077,100.0,1.9345,0.0157,3.368,11.17,86.36,600,13.601
1,14,-1641.1037,-440.060425,55579.753906,1.945085,100.0,1.9358,0.0139,3.5346,11.32,98.37,600,14.905
1,15,-1652.7989,-440.972931,55704.199219,1.945091,100.0,1.9578,0.0133,3.5515,11.54,91.64,600,15.667
1,16,-1552.332,-412.169067,48471.292969,1.945097,100.0,1.9486,0.0135,3.2259,11.03,86.73,600,15.36
1,17,-1603.9694,-425.626312,52449.761719,1.945102,100.0,1.9179,0.0136,3.4286,11.49,90.26,600,16.396
1,18,-1640.7161,-433.721863,54033.230469,1.945114,100.0,1.9696,0.0138,3.4995,11.06,94.82,600,16.028
1,19,-1637.0288,-435.696106,54604.277344,1.945122,100.0,1.9225,0.014,3.5342,11.6,96.81,600,16.496
1,20,-1662.3848,-439.682556,55247.183594,1.94513,100.0,1.9801,0.0137,3.5612,11.5,95.57,600,16.92
1,21,-1609.6872,-425.422852,52484.921875,1.945134,100.0,1.9599,0.0149,3.4058,11.63,92.49,600,16.977
1,22,-1594.8663,-427.308319,52072.691406,1.945138,100.0,1.9159,0.0139,3.4003,10.95,81.3,600,16.044
1,23,-1589.7386,-422.177856,50896.613281,1.945136,100.0,1.9315,0.013,3.3676,11.31,85.12,600,15.963
1,24,-1633.4914,-431.844727,53404.878906,1.945131,100.0,1.9515,0.0137,3.4935,11.87,98.3,600,15.925
1,25,-1575.2885,-421.196411,51281.011719,1.94513,100.0,1.9678,0.016,3.2832,11.7,93.01,600,16.917
1,26,-1613.6116,-428.778046,52603.011719,1.945124,100.0,1.9642,0.0141,3.4145,11.29,106.53,600,16.048
1,27,-1634.0275,-434.547394,53912.96875,1.945117,100.0,1.9757,0.0142,3.4711,11.69,97.03,600,16.203
1,28,-1685.5161,-444.946625,57126.726562,1.945105,100.0,1.9458,0.0127,3.6725,11.39,93.84,600,15.139
1,29,-1659.178,-442.775879,56687.492188,1.945085,100.0,1.9645,0.0132,3.5661,11.32,86.84,600,16.304
1,30,-1621.2886,-428.580475,53089.984375,1.94506,100.0,1.9663,0.0142,3.438,11.23,88.28,600,16.741
1,31,-1607.0442,-424.843811,51748.464844,1.945032,100.0,1.9811,0.0144,3.3757,11.41,96.42,600,16.094
1,32,-1587.9992,-423.071106,51469.4375,1.944997,100.0,1.9271,0.013,3.3663,11.3,94.77,600,16.078
1,33,-1592.1861,-425.0784,51571.222656,1.944946,100.0,1.952,0.0142,3.3553,11.43,109.37,600,14.8
1,34,-1627.2041,-434.48056,54439.101562,1.94488,100.0,1.9608,0.0144,3.4633,11.25,83.93,600,16.965
1,35,-1618.7123,-430.729187,53506.625,1.944804,100.0,1.9471,0.0139,3.4486,10.95,87.56,600,16.618
1,36,-1577.6779,-419.740112,50063.101562,1.94472,100.0,1.9236,0.0147,3.3353,11.54,94.17,600,15.674
1,37,-1577.5006,-413.897217,49265.328125,1.94462,100.0,1.9332,0.0141,3.3252,11.68,92.94,600,15.411
1,38,-1636.3572,-434.992706,54408.386719,1.944498,100.0,1.949,0.0144,3.5055,11.24,111.57,600,15.652
1,39,-1597.9231,-426.833466,52201.902344,1.944355,100.0,1.9372,0.0137,3.3892,11.24,99.23,600,15.502
1,40,-1607.2057,-426.325043,51981.191406,1.944181,100.0,1.9336,0.0145,3.4238,11.47,101.65,600,15.505
1,41,-1566.167,-409.511505,48222.710938,1.943991,100.0,1.9584,0.0157,3.2621,11.63,107.87,600,13.647
1,42,-1600.5743,-423.059662,50863.578125,1.943784,100.0,1.9556,0.0147,3.3797,11.39,92.6,600,15.128
1,43,-1697.2177,-448.729492,58332.1875,1.943534,100.0,1.9755,0.013,3.6819,11.38,91.39,600,15.638
1,44,-1522.0264,-402.65152,46990.808594,1.943257,100.0,1.9059,0.0141,3.1675,11.16,106.75,600,15.79
1,45,-1599.0135,-417.8396,51139.628906,1.942951,100.0,2.0045,0.0159,3.3255,11.56,103.63,600,15.827
1,46,-1599.6939,-418.748779,50699.558594,1.942623,100.0,1.929,0.0151,3.4034,11.75,96.26,600,15.749
1,47,-1572.264,-413.736237,49125.992188,1.942248,100.0,1.944,0.0147,3.2969,11.38,98.2,600,15.678
1,48,-1596.9248,-418.802063,51491.78125,1.941811,100.0,1.9902,0.0152,3.3328,11.66,101.14,600,15.697
1,49,-1595.0372,-414.01239,50447.328125,1.941348,100.0,1.9677,0.0147,3.3491,11.25,107.47,600,15.688
1,50,-1587.8134,-414.068573,51015.464844,1.94085,100.0,1.974,0.0153,3.3187,11.76,97.44,600,15.793
2,1,-1592.0229,-424.063324,51958.777344,1.943352,100.0,1.9616,0.0171,3.3451,13.88,99.49,600,15.926
2,2,-1609.7252,-424.099457,52346.390625,1.9434,100.0,1.9607,0.0139,3.405,11.7,90.49,600,15.831
2,3,-1606.5563,-426.490021,52576.054688,1.94344,100.0,1.9352,0.0137,3.42,11.22,91.66,600,14.979
2,4,-1655.7841,-440.195404,55386.238281,1.943505,100.0,2.0056,0.0135,3.5137,11.21,89.82,600,13.705
2,5,-1665.0863,-444.506104,56240.578125,1.943549,100.0,1.9721,0.0134,3.5782,11.49,106.87,600,15.67
2,6,-1628.5309,-429.56958,53123.476562,1.943588,100.0,1.944,0.0127,3.4845,11.05,93.96,600,15.825
2,7,-1641.8332,-432.587952,53831.421875,1.943628,100.0,1.974,0.0147,3.4988,11.73,112.63,600,16.437
2,8,-1646.1247,-438.092651,55288.109375,1.943669,100.0,1.9751,0.0151,3.5119,11.82,89.76,600,16.049
2,9,-1651.542,-437.632751,55064.519531,1.943711,100.0,1.9543,0.0134,3.5508,11.28,99.51,600,16.768
2,10,-1592.4997,-425.606354,51748.585938,1.943756,100.0,1.9824,0.0154,3.3259,11.44,94.9,600,16.185
2,11,-1618.1471,-428.623627,52836.292969,1.943802,100.0,1.9791,0.0144,3.4148,11.5,100.98,600,15.897
2,12,-1615.001,-426.063171,52972.035156,1.943854,100.0,1.9821,0.014,3.4013,11.11,87.05,600,15.437
2,13,-1654.6462,-436.015076,54906.941406,1.943908,100.0,1.9492,0.0129,3.5663,11.55,97.39,600,15.423
2,14,-1620.5135,-433.853638,53569.714844,1.943965,100.0,1.977,0.0141,3.4248,11.39,89.4,600,15.63
2,15,-1562.4685,-417.806091,50264.113281,1.944022,100.0,1.9389,0.0141,3.2693,11.27,110.27,600,15.41
2,16,-1604.5165,-430.702606,53476.808594,1.944074,100.0,1.9428,0.0132,3.4056,11.38,97.15,600,15.497
2,17,-1582.4867,-421.577484,50908.894531,1.94412,100.0,1.9498,0.0155,3.3251,11.36,100.2,600,15.695
2,18,-1676.6882,-444.531769,56688.492188,1.944161,100.0,1.937,0.0121,3.652,11.59,93.1,600,15.708
2,19,-1620.0808,-430.282043,52893.671875,1.9442,100.0,1.9369,0.0138,3.4634,11.93,93.19,600,15.675
2,20,-1656.5772,-438.351135,55171.855469,1.944233,100.0,1.9627,0.0135,3.5592,11.73,95.76,600,16.054
2,21,-1594.0382,-422.636444,51540.484375,1.944274,100.0,1.9424,0.014,3.3711,11.11,89.57,600,15.83
2,22,-1700.7032,-452.162292,58579.035156,1.944317,100.0,1.9704,0.0129,3.6986,11.34,97.98,600,16.316
2,23,-1596.3884,-424.167236,52249.480469,1.944359,100.0,1.9491,0.0147,3.3722,11.53,95.38,600,15.404
2,24,-1618.4464,-432.117737,53813.828125,1.944397,100.0,1.9446,0.0146,3.4502,11.74,109.3,600,16.728
2,25,-1639.8366,-434.846771,54165.917969,1.944436,100.0,2.0014,0.0142,3.4648,11.4,94.39,600,16.426
2,26,-1619.2174,-432.128632,53615.25,1.944472,100.0,1.9217,0.0124,3.4757,11.55,102.1,600,16.795
2,27,-1637.1377,-430.570312,52933.691406,1.944508,100.0,1.9442,0.0141,3.5129,11.68,96.48,600,17.03
2,28,-1639.7201,-428.563477,52779.125,1.944543,100.0,1.9573,0.0137,3.5084,11.27,89.22,600,15.869
2,29,-1625.2008,-431.708893,53116.308594,1.944571,100.0,1.97,0.014,3.4473,11.75,103.24,600,16.667
2,30,-1658.6701,-439.909332,55760.101562,1.94459,100.0,1.97,0.0137,3.5589,11.43,101.8,600,16.465
2,31,-1608.97,-425.600708,52027.664062,1.944612,100.0,1.9626,0.0141,3.4007,11.35,90.69,600,16.201
2,32,-1669.4738,-443.214417,56113.285156,1.944646,100.0,1.9652,0.0131,3.5997,11.26,84.42,600,15.856
2,33,-1611.2998,-427.880951,52539.292969,1.944678,100.0,1.9828,0.0143,3.3882,11.58,95.93,600,15.804
2,34,-1605.5753,-424.165222,51887.859375,1.944709,100.0,1.9064,0.0143,3.4455,11.44,96.35,600,17.352
2,35,-1596.0588,-422.062836,50809.214844,1.94474,100.0,1.939,0.0136,3.3812,11.51,89.59,600,16.162
2,36,-1694.1162,-448.57901,58030.925781,1.94477,100.0,1.9857,0.0136,3.6614,11.47,95.05,600,15.101
2,37,-1639.3427,-435.07608,54406.320312,1.944803,100.0,1.9681,0.013,3.4964,11.12,99.74,600,15.287
2,38,-1626.8378,-425.495758,52148.4375,1.944833,100.0,2.001,0.0152,3.4218,11.71,101.38,600,15.153
2,39,-1659.4361,-440.331879,56061.21875,1.944861,100.0,1.9284,0.0142,3.603,11.71,92.77,600,15.158
2,40,-1635.5672,-431.438995,53383.363281,1.944888,100.0,1.9832,0.0137,3.4687,11.44,95.83,600,15.155
2,41,-1647.7086,-437.468689,55202.527344,1.944923,100.0,1.9293,0.013,3.5631,11.79,97.54,600,14.9
2,42,-1647.7113,-439.204956,55197.296875,1.944949,100.0,1.9759,0.0144,3.5165,11.39,99.1,600,15.056
2,43,-1701.8698,-450.709595,58347.734375,1.944974,100.0,2.0009,0.0139,3.672,11.35,86.79,600,15.662
2,44,-1654.3239,-440.441498,55152.191406,1.944995,100.0,1.9562,0.014,3.5583,11.41,98.42,600,13.707
2,45,-1667.0543,-438.617554,55486.714844,1.945013,100.0,2.0013,0.0153,3.5555,11.85,106.74,600,15.831
2,46,-1620.7733,-428.209564,52533.671875,1.945029,100.0,1.9619,0.0145,3.4406,11.59,95.07,600,15.247
2,47,-1634.5665,-435.059723,54171.300781,1.945043,100.0,1.974,0.0141,3.4745,12.07,93.3,600,15.018
2,48,-1624.9121,-425.165802,52491.988281,1.945048,100.0,1.9461,0.0138,3.4703,11.53,88.63,600,15.164
2,49,-1653.7197,-438.773285,55085.160156,1.945051,100.0,1.9686,0.0138,3.5438,11.37,98.3,600,15.288
2,50,-1635.1817,-433.381927,54300.761719,1.945032,100.0,1.9648,0.0148,3.4858,11.72,98.62,600,15.126
3,1,-1607.3822,-427.484894,52949.453125,1.944954,100.0,1.9768,0.0159,3.3812,12.77,106.12,600,14.968
3,2,-1613.696,-432.849548,53916.007812,1.944959,100.0,1.9722,0.0154,3.4068,11.78,95.63,600,15.026
3,3,-1615.4195,-430.997192,53045.464844,1.944959,100.0,1.9864,0.0138,3.3983,11.67,93.86,600,14.944
3,4,-1631.6402,-435.814911,54122.402344,1.944964,100.0,1.9857,0.0154,3.4531,11.5,99.9,600,15.213
3,5,-1590.2754,-421.969879,51286.21875,1.944977,100.0,1.9732,0.0153,3.3277,11.57,103.08,600,15.964
3,6,-1587.6858,-422.782837,51476.867188,1.944986,100.0,1.9914,0.0148,3.3009,11.11,92.72,600,16.075
3,7,-1585.4176,-426.426361,52100.976562,1.944994,100.0,1.9674,0.0153,3.3173,11.23,93.33,600,16.208
3,8,-1626.8242,-425.26358,52371.066406,1.945001,100.0,1.9829,0.014,3.4398,11.28,97.08,600,16.477
3,9,-1634.0932,-435.453857,54069.085938,1.945009,100.0,1.9321,0.0129,3.5149,11.44,93.35,600,17.64
3,10,-1664.3021,-442.161499,55989.734375,1.945012,100.0,1.989,0.0141,3.5587,11.43,90.67,600,17.163
3,11,-1593.9086,-428.027405,53149.601562,1.945011,100.0,1.9452,0.0145,3.3678,11.54,93.15,600,16.852
3,12,-1620.7798,-430.560822,53201.242188,1.945006,100.0,1.9506,0.0146,3.452,11.9,94.3,600,17.14
3,13,-1562.57,-413.444489,49418.621094,1.945002,100.0,1.9644,0.0161,3.2442,11.27,97.11,600,16.476
3,14,-1604.7505,-428.565704,52643.335938,1.945003,100.0,1.9662,0.0148,3.383,12.03,112.44,600,16.02
3,15,-1635.6174,-432.439728,53923.785156,1.945,100.0,1.9855,0.0141,3.4666,11.27,94.2,600,16.307
3,16,-1626.7268,-434.236176,53768.777344,1.944995,100.0,1.95,0.013,3.4724,11.0,93.36,600,16.622
3,17,-1669.2282,-447.386261,57749.472656,1.944992,100.0,1.9847,0.0141,3.5794,11.63,101.75,600,17.068
3,18,-1651.3356,-437.264282,54846.386719,1.944986,100.0,1.9507,0.0146,3.5537,11.85,111.95,600,16.86
3,19,-1631.3787,-432.139282,53713.089844,1.944986,100.0,1.9363,0.0138,3.5016,11.26,89.01,600,16.666
3,20,-1637.668,-434.918945,54321.015625,1.944978,100.0,1.9463,0.0148,3.5126,11.61,93.23,600,16.361
3,21,-1622.232,-433.974518,54168.089844,1.944982,100.0,1.9599,0.0132,3.4475,10.86,85.79,600,16.275
3,22,-1607.8465,-424.401764,51777.527344,1.944987,100.0,1.9484,0.0144,3.4111,11.55,93.29,600,16.518
3,23,-1633.0673,-431.842468,53591.988281,1.944992,100.0,1.9541,0.0135,3.4894,11.16,87.59,600,16.885
3,24,-1651.0121,-439.846619,55665.960938,1.944996,100.0,1.963,0.0144,3.5404,11.95,111.01,600,16.712
3,25,-1568.9003,-415.372314,49424.578125,1.944999,100.0,1.9447,0.0148,3.285,11.53,95.2,600,16.738
3,26,-1644.0797,-441.227814,55582.078125,1.945002,100.0,1.9711,0.0131,3.5092,11.21,91.4,600,16.681
3,27,-1629.1805,-431.60672,53376.851562,1.945,100.0,1.9826,0.0146,3.448,11.35,94.23,600,16.501
3,28,-1625.2162,-432.345978,53888.089844,1.944994,100.0,1.9996,0.014,3.4178,11.25,97.5,600,16.47
3,29,-1594.5415,-423.304199,51011.722656,1.944983,100.0,1.9388,0.0134,3.3763,11.48,88.92,600,17.214
3,30,-1587.9394,-424.001312,51647.945312,1.944969,100.0,1.9029,0.0142,3.3903,11.55,88.77,600,16.494
3,31,-1617.6391,-428.410767,52569.386719,1.944942,100.0,1.9269,0.014,3.4652,11.47,100.29,600,16.569
3,32,-1613.081,-427.480194,52470.1875,1.944909,100.0,1.9491,0.0142,3.4279,11.65,92.17,600,16.732
3,33,-1574.9424,-419.455322,50092.785156,1.944874,100.0,1.94,0.0147,3.3099,11.5,103.4,600,16.386
3,34,-1631.1184,-436.518494,54514.808594,1.944835,100.0,1.9574,0.0138,3.4796,11.71,96.34,600,16.055
3,35,-1634.3377,-434.99881,54386.132812,1.944791,100.0,1.9824,0.0153,3.4654,11.62,100.01,600,16.645
3,36,-1571.4795,-413.796234,49461.238281,1.944744,100.0,1.9506,0.0153,3.2876,11.71,104.75,600,16.627
3,37,-1594.9764,-422.359833,52048.96875,1.944693,100.0,1.9523,0.0158,3.3643,11.48,105.33,600,16.643
3,38,-1648.4119,-439.32312,55803.550781,1.944639,100.0,1.9985,0.0147,3.4962,10.95,90.16,600,16.449
3,39,-1597.976,-420.839752,51274.484375,1.944578,100.0,1.9645,0.0141,3.3621,11.37,86.15,600,16.556
3,40,-1639.4716,-430.878723,53392.003906,1.944514,100.0,2.0022,0.0144,3.4627,11.79,97.24,600,16.552
3,41,-1560.1752,-411.196686,49062.492188,1.944441,100.0,1.9446,0.0169,3.256,11.87,105.11,600,16.534
3,42,-1601.106,-421.250092,51151.421875,1.944359,100.0,1.9355,0.0142,3.4015,11.66,102.84,600,16.977
3,43,-1574.1318,-416.761261,50071.125,1.944261,100.0,1.9098,0.0133,3.3373,11.1,100.49,600,16.546
3,44,-1682.7325,-449.28891,58304.027344,1.944154,100.0,1.9888,0.0143,3.6203,11.82,88.49,600,16.423
3,45,-1569.8329,-418.700043,50737.261719,1.944035,100.0,1.9377,0.0155,3.2951,11.62,94.5,600,15.92
3,46,-1575.588,-414.568085,49687.09375,1.943914,100.0,1.9516,0.015,3.3003,11.61,111.64,600,16.216
3,47,-1626.8586,-424.735291,52266.375,1.943777,100.0,1.9395,0.0139,3.4833,11.75,92.09,600,15.592
3,48,-1593.0627,-421.650482,51651.703125,1.94363,100.0,1.8915,0.0135,3.4187,11.42,93.41,600,17.565
3,49,-1561.9276,-413.834595,49672.722656,1.943472,100.0,1.9493,0.0149,3.2572,11.11,88.19,600,17.367
3,50,-1627.3896,-427.375885,53155.554688,1.943292,100.0,1.9498,0.0143,3.4748,11.23,102.72,600,16.531
4,1,-1566.4409,-413.682373,49583.824219,1.944837,100.0,1.951,0.0158,3.2704,12.44,92.34,600,16.706
4,2,-1509.3194,-399.091492,45609.292969,1.944834,100.0,1.9209,0.015,3.1101,11.42,97.85,600,16.138
4,3,-1585.9713,-426.286133,52356.597656,1.944829,100.0,1.9552,0.0133,3.3314,11.37,85.1,600,15.473
4,4,-1556.1293,-414.201752,49182.871094,1.944812,100.0,1.9719,0.0144,3.2152,11.45,96.3,600,16.033
4,5,-1644.8269,-436.550598,54689.722656,1.944791,100.0,1.9712,0.0131,3.5116,11.28,95.91,600,15.78
4,6,-1591.1557,-421.785767,50776.191406,1.944764,100.0,1.9223,0.013,3.3815,10.93,93.53,600,16.099
4,7,-1606.7745,-427.51535,52570.042969,1.94474,100.0,2.0027,0.0148,3.3532,11.95,121.07,600,16.194
4,8,-1575.1326,-416.535583,49611.851562,1.944717,100.0,1.9188,0.0144,3.3316,11.47,100.0,600,16.37
4,9,-1627.3154,-433.832642,53844.429688,1.944696,100.0,1.9718,0.0128,3.4526,11.41,105.58,600,16.076
4,10,-1645.4697,-437.100159,55337.511719,1.944668,100.0,1.9575,0.0136,3.5274,10.96,94.41,600,16.43
4,11,-1579.515,-423.646149,51408.039062,1.944633,100.0,1.9302,0.0167,3.3348,11.82,107.77,600,15.991
4,12,-1579.1033,-419.887451,50287.582031,1.944597,100.0,1.9466,0.0158,3.3171,11.78,101.23,600,16.469
4,13,-1584.8961,-423.230103,51451.808594,1.94456,100.0,1.9649,0.0155,3.3181,11.6,93.78,600,16.409
4,14,-1599.4236,-427.904175,52555.488281,1.94452,100.0,1.9987,0.0149,3.3327,11.79,101.34,600,16.339
4,15,-1637.1604,-436.544556,54784.988281,1.944476,100.0,1.9777,0.0143,3.4795,11.42,93.16,600,16.519
4,16,-1611.3435,-430.676392,53147.511719,1.944428,100.0,1.9484,0.0143,3.4227,11.49,92.69,600,16.722
4,17,-1583.7641,-419.627747,51292.0,1.944381,100.0,1.9505,0.0148,3.3287,11.46,108.02,600,16.541
4,18,-1681.769,-446.706451,57154.375,1.944334,100.0,1.9725,0.0124,3.6334,11.46,94.31,600,17.202
4,19,-1626.2525,-432.233185,53959.480469,1.944282,100.0,1.9984,0.0139,3.4224,11.36,86.8,600,16.801
4,20,-1570.6684,-414.564911,49522.183594,1.944227,100.0,1.9269,0.0148,3.3086,11.87,94.82,600,18.174
4,21,-1612.9492,-427.825897,52724.683594,1.944182,100.0,1.9713,0.0135,3.4052,11.07,92.68,600,16.686
4,22,-1656.7865,-438.784882,55357.210938,1.944144,100.0,1.9821,0.0134,3.5405,11.62,90.51,600,16.497
4,23,-1608.3807,-429.162628,53124.339844,1.944107,100.0,1.9573,0.0142,3.404,11.13,101.44,600,15.654
4,24,-1599.7726,-421.876556,51364.464844,1.944067,100.0,1.9532,0.0158,3.3794,11.98,114.39,600,16.33
4,25,-1633.8106,-428.158112,52926.933594,1.944031,100.0,1.9659,0.0149,3.4801,11.8,91.98,600,17.378
4,26,-1599.0161,-421.555389,51170.746094,1.943996,100.0,1.9157,0.0153,3.4143,11.85,103.97,600,16.687
4,27,-1629.3386,-432.658142,53694.101562,1.943959,100.0,1.9462,0.0145,3.485,11.27,92.51,600,16.96
4,28,-1648.5482,-437.682281,54705.078125,1.943919,100.0,1.9665,0.0138,3.5287,11.92,109.87,600,17.225
4,29,-1620.3797,-430.506561,53111.546875,1.943873,100.0,1.9793,0.0143,3.422,11.21,90.72,600,17.529
4,30,-1610.4733,-427.961731,52530.335938,1.943822,100.0,1.9616,0.0142,3.4067,11.22,98.75,600,17.139
4,31,-1628.4709,-435.220184,54169.363281,1.943757,100.0,1.9842,0.0139,3.444,11.23,88.42,600,16.551
4,32,-1638.2717,-438.931732,55617.425781,1.943686,100.0,1.9522,0.0128,3.5087,11.24,95.28,600,16.487
4,33,-1635.6879,-437.923645,54346.269531,1.943608,100.0,1.9737,0.0146,3.4786,11.34,97.07,600,17.154
4,34,-1611.2811,-423.19928,52122.414062,1.943524,100.0,1.9823,0.0144,3.3887,11.48,102.64,600,16.718
4,35,-1623.9981,-432.096069,53743.761719,1.943444,100.0,1.9341,0.014,3.4793,11.49,92.63,600,16.334
4,36,-1580.9408,-426.289825,51589.351562,1.943356,100.0,1.9398,0.0142,3.33,11.59,95.9,600,16.221
4,37,-1606.8856,-425.911407,52495.773438,1.943259,100.0,1.9854,0.0149,3.3708,11.22,100.83,600,16.015
4,38,-1616.648,-433.546753,54343.878906,1.943158,100.0,1.9557,0.0149,3.4332,11.86,105.31,600,16.144
4,39,-1576.8714,-414.407654,48987.742188,1.943051,100.0,1.9362,0.0153,3.32,11.53,102.78,600,14.759
4,40,-1605.6262,-421.809753,51398.113281,1.942933,100.0,1.9699,0.0144,3.3822,11.5,90.56,600,13.73
4,41,-1619.4523,-431.565613,53638.941406,1.942801,100.0,1.9901,0.0152,3.4081,11.47,93.66,600,16.38
4,42,-1623.5725,-422.024231,51708.007812,1.942652,100.0,1.9858,0.0155,3.4261,11.8,98.14,600,18.21
4,43,-1647.0683,-436.099396,54868.710938,1.942494,100.0,1.9465,0.0134,3.5438,11.14,85.12,600,17.208
4,44,-1583.2634,-415.367706,49799.191406,1.942317,100.0,1.9613,0.0152,3.3162,11.51,101.51,600,16.615
4,45,-1596.677,-416.789001,50442.433594,1.942125,100.0,1.991,0.0152,3.3313,11.33,101.88,600,17.101
4,46,-1632.8086,-428.698914,53226.25,1.941924,100.0,1.9522,0.0148,3.4905,11.74,99.82,600,16.544
4,47,-1603.817,-421.220062,51393.71875,1.941701,100.0,1.9564,0.015,3.3897,11.37,89.23,600,16.154
4,48,-1635.8876,-434.85614,53727.535156,1.941456,100.0,1.9828,0.014,3.4701,11.67,92.24,600,16.618
4,49,-1639.3022,-431.010925,54276.949219,1.941178,100.0,2.0046,0.0147,3.4598,11.94,90.87,600,16.269
4,50,-1584.943,-420.553192,51441.738281,1.940898,100.0,1.9707,0.0146,3.3124,11.4,100.68,600,16.167
